test	language	family_id	expected	observed	status	forms	explanation	unresolved
old-long-barytone	Sh	3735	E	"[""E"", ""L""]"	conflicting	"[""c̣heéc [gil;buddruss-shina1996]"", ""c̣héec̣ [Astor;schmidt]"", ""c̣héec̣ [dr;schmidt]"", ""c̣héec̣ [gil;degener-shina2008]"", ""c̣héec̣ [gil;schmidt]"", ""c̣héec̣ [gur;schmidt]""]"	Palula c̣híitr/Biori c̣héetr and Schmidt/Degener Shina c̣héec̣ have early accent on the inherited long root, with Ashret raising ee to ii. Buddruss's Gilgit c̣heéc instead has late accent. This is a direct primary-source disagreement in a diagnostic old-long barytone family, and must appear in the exception/source table rather than be resolved by majority vote.	Check Buddruss's printed form and paradigm; source, speaker and consonant-transcription differences may accompany the accent difference.
old-long-barytone	Sh	10323	E	"[""E"", ""L""]"	conflicting	"[""mií~ [gur;schmidt]"", ""míi~ [Astor;schmidt]"", ""míi~ [dr;schmidt]"", ""míi~ [gil;schmidt]""]"	Palula míi and Gilgit/Astori míi~ have early prominence compatible with old ē accent and subsequent contraction/raising. Guresi mií~ is late in the same comparative source, while Kohistani myú~ and Degener míu have more complex vowel sequences. This is a genuine dialectal contour residual until differences in grease versus marrow formation or inflection are demonstrated.	Verify the Guresi table against original print and analyze unequal-vowel sequences and semantic/case distinctions.
old-long-barytone	Sh	10512	E	"[""L""]"	opposite	"[""juú [Astor;schmidt]"", ""juú~ [gil;schmidt]"", ""juú~ [gur;schmidt]"", ""juú~ [koh;schmidt]"", ""ǰuú [gil;degener-shina2008]"", ""ǰuú~ [gil;degener-shina2008]""]"	Palula ǰhií~ and Gilgit ǰuú/ǰuú~ have late accent against the initially accented long-root yūkā/yūka input assigned by this family. Consonant loss and feminine morphology make contraction or inflectional reaccentuation plausible, but not proved. The same Palula louse lexeme is explicitly compared with jīvá by Turner5239, whose full entry was checked. These are competing etymologies for one lexeme, not two independent confirmations. The yūkā analysis remains a counterexample under that hypothesis; accent alone cannot select the alternative jīva analysis.	Compare complete louse paradigms and independent segmental correspondences before choosing yūkā versus jīva or reconstructing a feminine accent shift. Do not remove the late yūkā-family outcome solely to improve the old-barytone rule.
old-long-barytone	Sh	10860	E	"[""L""]"	opposite	"[""ruú~ [gil;degener-shina2008]""]"	Gilgit ruú~ ‘heal’ is late-accented, but its verbal gloss and accompanying wa- indicate that the old noun rṓha may enter a modern predicate or light-verb construction. Deriving a bare verb directly from the noun's citation accent would therefore be unsafe. Loss of h and contraction are additional plausible sources of altered mora alignment that require an explicit intermediate.	Read the full Degener entry to determine grammatical structure and whether ruu is a nominal predicate or verb stem.
old-long-barytone	Phal	9108	E	"[""E"", ""L""]"	conflicting	"[""phiíṇ [Phal;liljegren]"", ""phʹîṇ [Phal;strand]""]"	Strand phʹîṇ ‘foam’ has early accent, whereas Liljegren phiíṇ ‘steam, vapour’ is late. Both have the raised vowel expected from an earlier early-accented ē stage, so the late modern form may involve subsequent reaccentuation or a semantic/lexical split. The two senses are related but must not be silently merged into one contradictory token or resolved by averaging sources.	Inspect each paradigm and speaker/dialect information to distinguish lexical split, variation and transcription disagreement.
old-long-barytone	Phal	10512	E	"[""L""]"	opposite	"[""ǰhií~ [Phal;liljegren]"", ""ǰhîʹ˜ [Phal;strand]""]"	Palula ǰhií~ and Gilgit ǰuú/ǰuú~ have late accent against the initially accented long-root yūkā/yūka input assigned by this family. Consonant loss and feminine morphology make contraction or inflectional reaccentuation plausible, but not proved. The same Palula louse lexeme is explicitly compared with jīvá by Turner5239, whose full entry was checked. These are competing etymologies for one lexeme, not two independent confirmations. The yūkā analysis remains a counterexample under that hypothesis; accent alone cannot select the alternative jīva analysis.	Compare complete louse paradigms and independent segmental correspondences before choosing yūkā versus jīva or reconstructing a feminine accent shift. Do not remove the late yūkā-family outcome solely to improve the old-barytone rule.
old-long-barytone	Phal	10702	E	"[""L""]"	opposite	"[""raát [Phal;liljegren]"", ""râʹt [Phal;strand]""]"	Shina ráati retains initial root accent and final i. Palula feminine raát denotes a counted night-and-day period and has i-declension plural reetí; Strand Phal-r.html40–41 explicitly derives it from rā́tri10702. Ordinary Palula night is a separate fixed a-declension róot/róota, which Strand assigns to neuter rātra10700. The aa/ee i-declension screen now supplies an independently defined modern class for raát/reetí: 73 comparable citation/inflection form pairs, representing66 lexemes, all have late citation accent and final inflectional i accent. This explains its synchronic class membership without proving exactly when or how its inherited accent was reassigned. Kalkoti ordinary ràat is better compared semantically with róot; its Low still lacks an explanation from Palula aspiration alone.	The change from the old feminine rā́trī formation into the productive modern umlaut class needs a historical mechanism. Do not copy the neuter róot accent into the feminine counted-period noun, or infer the old neuter accent solely from its modern outcome.
old-long-oxytone	Sh	4336	L	"[""E"", ""L""]"	conflicting	"[""goóṣ [Astor;schmidt]"", ""goóṭ [dr;schmidt]"", ""goóṭ [gil;buddruss-shina1996]"", ""goóṭ [gil;degener-shina2008]"", ""góoṣ [gur;schmidt]"", ""góoṣ [koh;schmidt]"", ""góoṭ [gil;schmidt]""]"	Palula ghoóṣṭ and independently Degener/Buddruss Gilgit goóṭ have late long accent, matching final-accent apocope. Kohistani/Guresi góoṣ is early, with fixed inflection documented elsewhere, requiring a real class difference. Schmidt's Gilgit góoṭ versus Astori goóṣ belongs to a known table reversal/conflict and cannot override the independent Gilgit sources. Aspiration migration in Palula and cluster reduction in Shina are separate preconditions.	Resolve the printed table readings and Astori paradigm; do not turn an editorial reversal into a geographic sound law.
old-long-oxytone	Sh	4387	L	"[""E""]"	opposite	"[""gríi~ [gil;degener-shina2008]""]"	Gilgit gríi~ ‘collar’ has early root accent despite old final-accented ā. Loss of v and nasalization/derivational history distinguish this from a simple old long vowel plus final-a apocope case. Collar may be a derivative of the neck noun with a different suffix/accent, but that formation must be established. Brokskat grī ‘neck’ is unmarked.	The semantic derivative is plausible but does not yet explain early accent; retain as a residual pending the collar paradigm.
old-long-oxytone	Sh	5958	L	"[""E"", ""L""]"	conflicting	"[""teél [gil;buddruss-shina1996]"", ""teél [gil;degener-shina2008]"", ""téel [gil;buddruss-shina1996]""]"	Degener teél and Buddruss's explicitly rare teél match final-accent apocope after ai-to-ee monophthongization. Buddruss's usual téel is early in the same entry. This is stronger evidence of actual lexical variation than a discrepancy between independently compiled dictionaries, because both alignments are printed as alternatives by one source. Kundal tɛ̄l is unmarked.	Investigate whether frequency, speaker, inflection or contact predicts the early variant; retain the usual/rare distinction in counts.
old-long-oxytone	Sh	6495	L	"[""E"", ""L""]"	conflicting	"[""duúr [gil;degener-shina2008]"", ""duúr [gil;schmidt]"", ""dúur [Astor;schmidt]"", ""dúur [gur;schmidt]"", ""dúur [koh;schmidt]""]"	Gilgit duúr is late, compatible with final-accent apocope, whereas Kohistani/Guresi/Astori dúur is early. Palula dhúura retains a final vowel and early root prominence; its adverbial formation may therefore differ. The other Shina dialects remain early even with consonant-final citations, so retained modern endings alone do not explain the whole split. Kalkoti dùúr adds an independent L from aspiration history.	Test adjective versus adverb formation and inflection across dialects; aspiration cannot distinguish the main Shina early/late forms.
old-long-oxytone	Sh	10016	L	"[""E"", ""L""]"	conflicting	"[""maá~ [gil;degener-shina2008]"", ""maá~ [gil;schmidt]"", ""maá~ [koh;schmidt]"", ""máa~ [gil;buddruss-shina1996]"", ""máa~ [gur;schmidt]""]"	Gilgit and Kohistani maá~ have late long-root accent compatible with the old oxytone, while Guresi máa~ is early. Buddruss also gives early Gilgit máa~, conflicting with Schmidt and Degener within the same named dialect. Mother is an irregular kinship noun with possessive and address forms, so cell alignment must precede an explanation, but the source conflict remains real until those cells are demonstrated to differ.	Read the complete mother entries and possessive paradigms; do not force Buddruss into agreement by majority vote.
old-long-oxytone	Sh	12774	L	"[""E""]"	opposite	"[""šóo [gur;schmidt]"", ""šóo [koh;schmidt]""]"	Gilgit šéeyo/Astori šéeo have early long-root prominence before an unaccented ending; Kohistani/Guresi šóo contracts the fuller sequence. The outcome fits root-final adjective reaccentuation from old final a, followed by dialectal contraction. Because the old root is monosyllabic, the class's locus prediction is clear but its historical -aka versus analogical extension requires independent morphology.	Read adjective paradigms and determine whether oo results from contracted root-plus-ending material rather than a direct ē shift.
old-long-oxytone	Phal	2426	L	"[""E""]"	opposite	"[""húuṇḍ [Phal;liljegren]""]"	Liljegren húuṇḍ has early long accent, whereas Strand hûʹnḍ- is late. Both show extensive rd(h)v cluster remodeling and aspiration placement. The late reading is compatible with old final-accent apocope if a long root survives; the early reading requires a different quantity chronology or accentual reanalysis. Treat the disagreement as source evidence rather than a dated change.	A single preferred accent cannot be selected without speaker/paradigm checks; short huṇḍ and directional suffixes may be relevant.
old-long-oxytone	Phal	4531	L	"[""E""]"	opposite	"[""ghróoṇ [Phal;liljegren]"", ""ghrʹôṇ [Phal;strand]""]"	Palula ghróoṇ/Strand ghrʹôṇ is early and raised despite old final accent. Unlike the transparent kālá class, the outcome requires root prominence before the aa-to-oo change, making a recent retraction after raising insufficient. An action/result noun or older adjectival formation is a possible source, but no accented alternate is supplied in the current old entry.	Keep this as an early-retraction or formation residual; aspiration cannot explain the early raised long vowel.
old-long-oxytone	Phal	5182	L	"[""E""]"	opposite	"[""ǰóo [Phal;liljegren]"", ""ǰúu [biori;liljegren]""]"	Palula ǰóo is the citation for a paradigm whose present is ǰáanu and perfective ǰóolu. The old past participle jātá pertains specifically to the perfective; modern ǰóolu has early raised root prominence rather than mechanically retained final accent. The same modern lexeme is also represented under 5204, so those two Turner families are not independent confirmations.	Reconstruct the perfective -l formation and its root accent; count the paired present and perfective as one verbal complex in independence-sensitive analyses.
old-long-oxytone	Phal	6547	L	"[""E""]"	opposite	"[""déeš [biori;liljegren]"", ""díiš [Phal;liljegren]""]"	Palula díiš/Biori déeš is fixed and early, against final-accented dēśá. Ashret raising proves that root accent was already early before the early-ee-to-ii change, so a late post-raising retraction is not enough. Liljegren explicitly identifies this as an unexplained earlier shift. An analogical relationship to another fixed village/place noun is possible, but requires independent evidence.	Retain as a diagnostic early retraction/formation residual; neither short-vowel lengthening nor aspiration explains it.
old-long-oxytone	Phal	7047	L	"[""E"", ""L""]"	conflicting	"[""náaṛ [biori;liljegren]"", ""nâʹṛ [Phal;strand]"", ""nóoṛ [Phal;liljegren]"", ""nʹôṛ [Phal;strand]""]"	Palula neeṛíi ‘root’, early nóoṛ/Biori náaṛ ‘canal’, and Strand late nâʹṛ ‘tube/bamboo’ show distinct formations and senses. Early canal accent must predate Ashret aa raising; the late tube form is compatible with final-accent loss, while the root derivative retains an accented feminine ending with fronted stem. The old entry independently offers both consonant-final/short-a and long-ī formations, so the first headword is not the unique input.	Assign each sense to an independently supported old formation and retain the dictionary's nāḍi versus source nāḍī quantity correction; do not flatten the family into a single exception.
