Entry_ID	Primary_Family_ID	Sensitivity_Family_ID
d1	deictic-a-i	sensitivity:d1;d410
d1079	d1079	sensitivity:d1079
d109	d109	sensitivity:d109
d1123	d1123	sensitivity:d1123;d1594
d1181	d1181	sensitivity:d1181
d1235	d1235	sensitivity:d1235
d1278	d1278	sensitivity:d1278
d1287	d1287	sensitivity:d1287
d1291	d1291	sensitivity:d1291
d1292	d1292	sensitivity:d1292
d1347	d1347	sensitivity:d1347
d1349	d1349	sensitivity:d1349
d1359	d1359	sensitivity:d1359
d1368	d1368	sensitivity:d1368
d1477	d1477	sensitivity:d1477
d1479	d1479	sensitivity:d1479
d1507	d1507	sensitivity:d1507
d1509	d1509	sensitivity:d1509
d1574	d1574	sensitivity:d1574
d1580	d1580	sensitivity:d1580
d1594	d1594	sensitivity:d1123;d1594
d1595	d1595	sensitivity:d1595
d1619	d1619	sensitivity:d1619
d1680	d1680	sensitivity:d1680
d1767	d1767	sensitivity:d1767;d1826
d1769	d1769	sensitivity:d1769
d1774	d1774	sensitivity:d1774
d1778	d1778	sensitivity:d1778;d1851
d1787	d1787	sensitivity:d1787
d1802	d1802	sensitivity:d1802
d1818	d1818	sensitivity:d1818
d1822	d1822	sensitivity:d1822
d1826	d1826	sensitivity:d1767;d1826
d1850	d1850	sensitivity:d1850
d1851	d1851	sensitivity:d1778;d1851
d1853	d1853	sensitivity:d1853
d1859	d1859	sensitivity:d1859
d1861	d1861	sensitivity:d1861
d1898	d1898	sensitivity:d1898
d1906	d1906	sensitivity:d1906
d1923	d1923	sensitivity:d1923
d1959	d1959	sensitivity:d1959
d1964	d1964	sensitivity:d1964
d2008	d2008	sensitivity:d2008
d201	d201	sensitivity:d201
d2010	d2010	sensitivity:d2010
d2018	d2018	sensitivity:d2018
d202	d202	sensitivity:d202
d203	d203	sensitivity:d203
d205	d205	sensitivity:d205
d207	d207	sensitivity:d207;d259;d260
d2090	d2090	sensitivity:d2090
d211	d211	sensitivity:d211
d2146	d2146	sensitivity:d2146
d2149	d2149	sensitivity:d2149
d215	d215	sensitivity:d215
d216	d216	sensitivity:d216
d2176	d2176	sensitivity:d2176
d221	d221	sensitivity:d221
d222	d222	sensitivity:d222
d2233	d2233	sensitivity:d2233
d2237	d2237	sensitivity:d2237
d2247	d2247	sensitivity:d2247
d227	d227	sensitivity:d227
d228	d228	sensitivity:d228
d229	d229	sensitivity:d229
d232	d232	sensitivity:d232
d233	d233	sensitivity:d233;d315
d2356	d2356	sensitivity:d2356
d2359	d2359	sensitivity:d2359
d236	d236	sensitivity:d236;d240
d2360	d2360	sensitivity:d2360
d237	d237	sensitivity:d237
d240	d240	sensitivity:d236;d240
d241	d241	sensitivity:d241
d242	d242	sensitivity:d242
d244	d244	sensitivity:d244
d245	d245	sensitivity:d245
d2456	d2456	sensitivity:d2456
d246	d246	sensitivity:d246
d247	d247	sensitivity:d247;d248
d248	d248	sensitivity:d247;d248
d249	d249	sensitivity:d249
d256	d256	sensitivity:d256
d257	d257	sensitivity:d257
d259	d259+d260	sensitivity:d207;d259;d260
d260	d259+d260	sensitivity:d207;d259;d260
d2628	d2628	sensitivity:d2628
d2674	d2674	sensitivity:d2674
d2687	d2687	sensitivity:d2687
d2698	d2698	sensitivity:d2698
d276	d276	sensitivity:d276;d281
d277	d277	sensitivity:d277
d281	d281	sensitivity:d276;d281
d282	d282	sensitivity:d282
d285	d285	sensitivity:d285
d2883	d2883	sensitivity:d2883
d291	d291+d295	sensitivity:d291;d295
d2929	d2929	sensitivity:d2929
d295	d291+d295	sensitivity:d291;d295
d296	d296	sensitivity:d296;d307
d298	d298	sensitivity:d298
d2988	d2988	sensitivity:d2988
d299	d299	sensitivity:d299
d301	d301	sensitivity:d301
d3014	d3014	sensitivity:d3014
d303	d303	sensitivity:d303
d304	d304	sensitivity:d304;d306
d305	d305	sensitivity:d305
d306	d306	sensitivity:d304;d306
d307	d307	sensitivity:d296;d307
d308	d308	sensitivity:d308
d3095	d3095	sensitivity:d3095
d310	d310	sensitivity:d310
d3115	d3115	sensitivity:d3115
d3119	d3119	sensitivity:d3119
d3122	d3122	sensitivity:d3122
d313	d313	sensitivity:d313
d314	d314	sensitivity:d314
d315	d315	sensitivity:d233;d315
d3158	d3158	sensitivity:d3158
d316	d316	sensitivity:d316
d317	d317	sensitivity:d317
d3174	d3174	sensitivity:d3174
d318	d318	sensitivity:d318
d319	d319	sensitivity:d319
d3192	d3192	sensitivity:d3192
d3195	d3195	sensitivity:d3195
d321	d321	sensitivity:d321
d322	d322	sensitivity:d322
d3244	d3244	sensitivity:d3244
d3246	d3246	sensitivity:d3246
d3259	d3259	sensitivity:d3259
d328	d328	sensitivity:d328
d329	d329	sensitivity:d329
d3305	d3305	sensitivity:d3305;d3339
d3339	d3339	sensitivity:d3305;d3339
d3340	d3340	sensitivity:d3340
d3343	d3343	sensitivity:d3343
d3358	d3358	sensitivity:d3358
d3364	d3364	sensitivity:d3364
d3367	d3367	sensitivity:d3367
d3393	d3393	sensitivity:d3393
d3402	d3402	sensitivity:d3402
d3411	d3411	sensitivity:d3411
d3437	d3437	sensitivity:d3437
d3451	d3451	sensitivity:d3451
d3520	d3520	sensitivity:d3520
d3522	d3522	sensitivity:d3522
d3559	d3559	sensitivity:d3559
d3754	d3754	sensitivity:d3754
d3821	d3821	sensitivity:d3821;d4057
d3949	d3949	sensitivity:d3949;d4536
d3962	d3962	sensitivity:d3962
d3972	d3972	sensitivity:d3972
d3976	d3976	sensitivity:d3976
d3982	d3982	sensitivity:d3982
d3986	d3986	sensitivity:d3986
d3999	d3999	sensitivity:d3999
d4002	d4002	sensitivity:d4002
d4005	d4005	sensitivity:d4005
d4039	d4039	sensitivity:d4039
d4057	d4057	sensitivity:d3821;d4057
d410	deictic-a-i	sensitivity:d1;d410
d4175	d4175	sensitivity:d4175
d4176	d4176	sensitivity:d4176
d4177	d4177	sensitivity:d4177
d4183	d4183	sensitivity:d4183
d4193	d4193	sensitivity:d4193
d4194	d4194	sensitivity:d4194
d4283	d4283	sensitivity:d4283
d4312	d4312	sensitivity:d4312
d432	d432	sensitivity:d432
d4335	d4335	sensitivity:d4335
d434	d434+d448	sensitivity:d434;d446;d448;d449
d435	d435	sensitivity:d435;d437
d437	d437	sensitivity:d435;d437
d439	d439	sensitivity:d439;d455
d4410	d4410	sensitivity:d4410
d4411	d4411	sensitivity:d4411
d4418	d4418	sensitivity:d4418
d442	d442	sensitivity:d442
d443	d443	sensitivity:d443
d4430	d4430	sensitivity:d4430
d4438	d4438	sensitivity:d4438
d444	d444	sensitivity:d444
d4449	d4449	sensitivity:d4449
d445	d445	sensitivity:d445
d446	d446	sensitivity:d434;d446;d448;d449
d447	d447	sensitivity:d447
d448	d434+d448	sensitivity:d434;d446;d448;d449
d449	d449	sensitivity:d434;d446;d448;d449
d451	d451	sensitivity:d451
d452	d452	sensitivity:d452
d453	d453	sensitivity:d453
d4536	d4536	sensitivity:d3949;d4536
d4537	d4537	sensitivity:d4537
d454	d454	sensitivity:d454
d4545	d4545	sensitivity:d4545
d455	d455	sensitivity:d439;d455
d4555	d4555	sensitivity:d4555
d4559	d4559	sensitivity:d4559
d457	d457	sensitivity:d457
d4591	d4591	sensitivity:d4591
d4599	d4599	sensitivity:d4599
d4608	d4608	sensitivity:d4608
d4680	d4680	sensitivity:d4680
d4710	d4710	sensitivity:d4710
d4711	d4711	sensitivity:d4711
d4716	d4716	sensitivity:d4716
d472	d472	sensitivity:d472
d4728	d4728	sensitivity:d4728
d4737	d4737	sensitivity:d4737
d474	d474	sensitivity:d474
d475	d475	sensitivity:d475
d4750	d4750	sensitivity:d4750
d4756	d4756	sensitivity:d4756
d476	d476	sensitivity:d476
d4760	d4760	sensitivity:d4760
d4761	d4761	sensitivity:d4761
d477	d477	sensitivity:d477
d480	d480	sensitivity:d480
d4806	d4806	sensitivity:d4806
d481	d481	sensitivity:d481
d483	d483	sensitivity:d483
d4831	d4831	sensitivity:d4831
d484	d484	sensitivity:d484
d485	d485	sensitivity:d485
d4855	d4855	sensitivity:d4855
d486	d486	sensitivity:d486
d4866	d4866	sensitivity:d4866
d4876	d4876	sensitivity:d4876;d4885
d4885	d4885	sensitivity:d4876;d4885
d489	d489	sensitivity:d489
d490	d490	sensitivity:d490
d494	d494	sensitivity:d494
d495	d495	sensitivity:d495
d4968	d4968	sensitivity:d4968
d4971	d4971	sensitivity:d4971
d4973	d4973	sensitivity:d4973;d4989
d4975	d4975	sensitivity:d4975
d4976	d4976	sensitivity:d4976
d4986	d4986	sensitivity:d4986
d4989	d4989	sensitivity:d4973;d4989
d499	d499	sensitivity:d499
d4993	d4993	sensitivity:d4993
d5007	d5007	sensitivity:d5007
d5017	d5017	sensitivity:d5017;d5046
d502	d502	sensitivity:d502
d504	d504	sensitivity:d504
d5046	d5046	sensitivity:d5017;d5046
d507	d507	sensitivity:d507
d5078	d5078	sensitivity:d5078
d508	d508	sensitivity:d508
d5082	d5082	sensitivity:d5082
d5087	d5087	sensitivity:d5087
d5114	d5114	sensitivity:d5114
d512	d512	sensitivity:d512
d5123	d5123	sensitivity:d5123
d5124	d5124	sensitivity:d5124
d513	d513	sensitivity:d513
d5146	d5146	sensitivity:d5146
d5153	d5153	sensitivity:d5153
d5159	d5159	sensitivity:d5159
d516	d516	sensitivity:d516
d517	d517	sensitivity:d517
d520	d520	sensitivity:d520
d524	d524	sensitivity:d524
d5250	d5250	sensitivity:d5250
d5263	d5263	sensitivity:d5263
d527	d527	sensitivity:d527
d528	d528	sensitivity:d528
d529	d529	sensitivity:d529
d5295	d5295	sensitivity:d5295
d533	d533	sensitivity:d533;d536
d536	d536	sensitivity:d533;d536
d5368	d5368	sensitivity:d5368;d5369
d5369	d5369	sensitivity:d5368;d5369
d5372	d5372	sensitivity:d5372
d5409	d5409	sensitivity:d5409
d5411	d5411	sensitivity:d5411
d545	d545	sensitivity:d545
d5555	d5555	sensitivity:d5555
d558	d558	sensitivity:d558
d560	d560	sensitivity:d560
d561	d561	sensitivity:d561
d562	d562	sensitivity:d562
d570	d570	sensitivity:d570
d572	d572	sensitivity:d572
d586	d586	sensitivity:d586
d587	d587	sensitivity:d587;d593
d588	d588	sensitivity:d588
d589	d589	sensitivity:d589
d590	d590	sensitivity:d590;d713
d592	d592	sensitivity:d592
d593	d593	sensitivity:d587;d593
d61	d61	sensitivity:d61
d63	d63	sensitivity:d63;d80
d64	d64+d88	sensitivity:d64;d88
d648	d648	sensitivity:d648
d649	d649	sensitivity:d649
d651	d651	sensitivity:d651;d665
d655	d655	sensitivity:d655
d656	d656	sensitivity:d656;d661
d657	d657	sensitivity:d657
d658	d658	sensitivity:d658
d661	d661	sensitivity:d656;d661
d663	d663	sensitivity:d663
d664	d664	sensitivity:d664
d665	d665	sensitivity:d651;d665
d666	d666	sensitivity:d666
d672	d672	sensitivity:d672
d675	d675	sensitivity:d675
d676	d676	sensitivity:d676
d686	d686+d689	sensitivity:d686;d689
d688	d688	sensitivity:d688
d689	d686+d689	sensitivity:d686;d689
d690	d690	sensitivity:d690
d692	d692	sensitivity:d692
d693	d693	sensitivity:d693
d694	d694	sensitivity:d694
d695	d695	sensitivity:d695
d696	d696	sensitivity:d696
d697	d697	sensitivity:d697;d698
d698	d698	sensitivity:d697;d698
d699	d699	sensitivity:d699
d700	d700	sensitivity:d700
d703	d703	sensitivity:d703
d704	d704	sensitivity:d704
d705	d705	sensitivity:d705
d706	d706	sensitivity:d706
d707	d707	sensitivity:d707
d708	d708	sensitivity:d708
d709	d709	sensitivity:d709
d710	d710	sensitivity:d710;d715
d711	d711	sensitivity:d711;d719
d712	d712	sensitivity:d712
d713	d713	sensitivity:d590;d713
d715	d715	sensitivity:d710;d715
d718	d718	sensitivity:d718
d719	d719	sensitivity:d711;d719
d72	d72	sensitivity:d72
d721	d721	sensitivity:d721
d722	d722	sensitivity:d722
d723	d723	sensitivity:d723
d75	d75	sensitivity:d75;d76
d76	d76	sensitivity:d75;d76
d77	d77	sensitivity:d77
d78	d78	sensitivity:d78
d789	d789	sensitivity:d789
d79	d79	sensitivity:d79
d80	d80	sensitivity:d63;d80
d800	d800	sensitivity:d800
d809	d809	sensitivity:d809
d81	d81	sensitivity:d81
d810	d810	sensitivity:d810
d811	d811	sensitivity:d811
d813	d813	sensitivity:d813
d815	d815	sensitivity:d815
d816	d816	sensitivity:d816
d817	d817	sensitivity:d817;d820
d820	d820	sensitivity:d817;d820
d822	d822	sensitivity:d822
d826	d826	sensitivity:d826
d827	d827	sensitivity:d827
d829	d829	sensitivity:d829;d832
d83	d83	sensitivity:d83
d832	d832	sensitivity:d829;d832
d833	d833	sensitivity:d833
d835	d835	sensitivity:d835
d837	d837	sensitivity:d837
d839	d839	sensitivity:d839
d84	d84	sensitivity:d84
d844	d844	sensitivity:d844
d845	d845	sensitivity:d845
d846	d846	sensitivity:d846
d851	d851	sensitivity:d851
d856	d856	sensitivity:d856
d857	d857	sensitivity:d857
d859	d859	sensitivity:d859
d86	d86	sensitivity:d86
d860	d860	sensitivity:d860
d865	d865	sensitivity:d865
d868	d868	sensitivity:d868
d869	d869	sensitivity:d869
d88	d64+d88	sensitivity:d64;d88
d89	d89	sensitivity:d89
d910	d910	sensitivity:d910
d913	d913	sensitivity:d913
d914	d914	sensitivity:d914;d915
d915	d915	sensitivity:d914;d915
d916	d916	sensitivity:d916
d917	d917	sensitivity:d917
d919	d919	sensitivity:d919
d931	d931	sensitivity:d931
d944	d944	sensitivity:d944
d945	d945	sensitivity:d945
d946	d946	sensitivity:d946;d949
d947	d947	sensitivity:d947
d949	d949	sensitivity:d946;d949
d950	d950	sensitivity:d950
d954	d954	sensitivity:d954
d958	d958	sensitivity:d958;d959;d962;d965
d959	d959	sensitivity:d958;d959;d962;d965
d962	d962	sensitivity:d958;d959;d962;d965
d965	d965	sensitivity:d958;d959;d962;d965
d967	d967	sensitivity:d967
d985	d985	sensitivity:d985
d996	d996	sensitivity:d996
