K80_Item	Entry_ID	Language_ID	Input_Support_Tier	K80_Reports_Lowering	Reviewed_Evidence_Available	Evidence_Forms	Evidence_IDs	Sources	Interpretation	Scope
1	d1959	Telugu	unknown	0	0				Konda ker supports order but supplies no -a.	Source-reported vowel-lowering incidence is not automatically accepted from these unclassified surface vowels; consult etymon and formation notes.
1	d1959	Gondi	unknown	0	0				Konda ker supports order but supplies no -a.	Source-reported vowel-lowering incidence is not automatically accepted from these unclassified surface vowels; consult etymon and formation notes.
1	d1959	Konda	unknown	0	1	ker- (-t-)	f_ngqx45wmcs4lu	dedr	Konda ker supports order but supplies no -a.	Source-reported vowel-lowering incidence is not automatically accepted from these unclassified surface vowels; consult etymon and formation notes.
1	d1959	Kui	unknown	1	1	grāpa (grāt-);grēpa (grēt-)	f_5rdnsosggoq5g;f_6luudnxakscry	dedr	Konda ker supports order but supplies no -a.	Source-reported vowel-lowering incidence is not automatically accepted from these unclassified surface vowels; consult etymon and formation notes.
1	d1959	Kuwi	unknown	0	1	grecali (gret-)	f_ufnz7mex2uc7q	dedr;F-Kuwi	Konda ker supports order but supplies no -a.	Source-reported vowel-lowering incidence is not automatically accepted from these unclassified surface vowels; consult etymon and formation notes.
1	d1959	Pengo	unknown	0	1	gre- (-t-)	f_jvtm6s2odyhwu	dedr	Konda ker supports order but supplies no -a.	Source-reported vowel-lowering incidence is not automatically accepted from these unclassified surface vowels; consult etymon and formation notes.
1	d1959	Manda	unknown	0	1	grepa	f_hiimwbtayvnp4	dedr	Konda ker supports order but supplies no -a.	Source-reported vowel-lowering incidence is not automatically accepted from these unclassified surface vowels; consult etymon and formation notes.
2	d513	Telugu	root-low-only	0	1	ela;eḍanīru;lēma;lē̃;lē̃ga;lē̃ka;lē̃ta;nelãta;nelãtuka	f_d5kcw6hrz2qbi;f_ejrg7mghib4h6;f_h55dqkqddalhw;f_iidp2lwtlxkrw;f_td5tw434rhrw4;f_tthkyznga3ouu;f_vfhmtesu22rzc;f_xanpmdfasmauw;f_yukt2ixlwlxqy	dedr;dedr;burrow-emeneau1972den1[p. 400, entry 436]	Low young formations independent; eastern human cognacy partly reassigned using the rule.	Source-reported vowel-lowering incidence is not automatically accepted from these unclassified surface vowels; consult etymon and formation notes.
2	d513	Gondi	root-low-only	0	1	layor;leyor;leyōṇḍu;raiyōl ( raiyōṛ);ḍiyyā;ḍiyyōr	f_4xrs7vfz3i2im;f_e6qkgtul43m5k;f_p6krsvjodw4nc;f_q3ju4fimnq77c;f_rkcyvzxdzws3u;f_tzc436vfkqogm	dedr;dedr;L-Gondi;dedr;M-Gondi;dedr;Tr-Gondi	Low young formations independent; eastern human cognacy partly reassigned using the rule.	Source-reported vowel-lowering incidence is not automatically accepted from these unclassified surface vowels; consult etymon and formation notes.
2	d513	Konda	root-low-only	0	1	lēta;lēŋa	f_4t2liwibfr4zy;f_gfmhouvqqotxo	dedr	Low young formations independent; eastern human cognacy partly reassigned using the rule.	Source-reported vowel-lowering incidence is not automatically accepted from these unclassified surface vowels; consult etymon and formation notes.
2	d513	Kui	root-low-only	1	1	leti;lāa;lāvenju	f_a64vayiytb3ak;f_oiejzkyy3dxau;f_ykrwxz4m6gqzq	dedr	Low young formations independent; eastern human cognacy partly reassigned using the rule.	Source-reported vowel-lowering incidence is not automatically accepted from these unclassified surface vowels; consult etymon and formation notes.
2	d513	Kuwi	root-low-only	1	1	liddi;lāa;rā'a;ṛa'a ( -sika);ṛaˀ a	f_5acjxas55yfwu;f_7fovllgpns4t2;f_hvbl6q7rtshlk;f_hw22a5a5ksahe;f_px5k3t4ubepke	dedr;F-Kuwi;dedr;F-Kuwi;S-Kuwi;dedr;Isr-Kuwi;dedr;S-Kuwi;dedr;Ḍ-Kuwi	Low young formations independent; eastern human cognacy partly reassigned using the rule.	Source-reported vowel-lowering incidence is not automatically accepted from these unclassified surface vowels; consult etymon and formation notes.
2	d513	Pengo	root-low-only	0	0				Low young formations independent; eastern human cognacy partly reassigned using the rule.	Source-reported vowel-lowering incidence is not automatically accepted from these unclassified surface vowels; consult etymon and formation notes.
2	d513	Manda	root-low-only	1	0				Low young formations independent; eastern human cognacy partly reassigned using the rule.	Source-reported vowel-lowering incidence is not automatically accepted from these unclassified surface vowels; consult etymon and formation notes.
3	d495	Telugu	root-low-only	0	0				Southern -av versus eastern -ak; Kui is missing, not a retained counterexample.	Source-reported vowel-lowering incidence is not automatically accepted from these unclassified surface vowels; consult etymon and formation notes.
3	d495	Gondi	root-low-only	0	1	leke;lēki;lɛkee	f_2qlvnielel7ma;f_5jzc6f33lykmk;f_auuco4hnwnosi	dedr;M-Gondi;dedr;burrow-emeneau1972den1[p. 400, entry 421]	Southern -av versus eastern -ak; Kui is missing, not a retained counterexample.	Source-reported vowel-lowering incidence is not automatically accepted from these unclassified surface vowels; consult etymon and formation notes.
3	d495	Konda	root-low-only	0	1	lēka maran	f_4bw5ffnltuslg	dedr	Southern -av versus eastern -ak; Kui is missing, not a retained counterexample.	Source-reported vowel-lowering incidence is not automatically accepted from these unclassified surface vowels; consult etymon and formation notes.
3	d495	Kui	root-low-only	0	0				Southern -av versus eastern -ak; Kui is missing, not a retained counterexample.	Source-reported vowel-lowering incidence is not automatically accepted from these unclassified surface vowels; consult etymon and formation notes.
3	d495	Kuwi	root-low-only	1	1	lēko;lēko marnu;ḍākāngi	f_2gfkyqlpmqnuq;f_ebc7og7hwmcw4;f_spqpphja544e4	dedr;dedr;Isr-Kuwi;dedr;Mah-Kuwi	Southern -av versus eastern -ak; Kui is missing, not a retained counterexample.	Source-reported vowel-lowering incidence is not automatically accepted from these unclassified surface vowels; consult etymon and formation notes.
3	d495	Pengo	root-low-only	0	0				Southern -av versus eastern -ak; Kui is missing, not a retained counterexample.	Source-reported vowel-lowering incidence is not automatically accepted from these unclassified surface vowels; consult etymon and formation notes.
3	d495	Manda	root-low-only	0	0				Southern -av versus eastern -ak; Kui is missing, not a retained counterexample.	Source-reported vowel-lowering incidence is not automatically accepted from these unclassified surface vowels; consult etymon and formation notes.
4	d2674	Telugu	full-low-formation	0	1	ogaru;uppana;uppani;uppaḷamu;uppu;vagaru	f_dkds6vf4sblba;f_hblsuttes6yts;f_hk75lslhob6va;f_ujnk7kkurjcwy;f_x47lnccjbzr32;f_xmylvyd3cqaxa	dedr	Full cow-ar/ov-ar has independent southern and Gondi support; no apical promotion.	Source-reported vowel-lowering incidence is not automatically accepted from these unclassified surface vowels; consult etymon and formation notes.
4	d2674	Gondi	full-low-formation	0	1	havar;hovar;ovar;ovor;savvar;savvor	f_dpcp34eficax6;f_etzf5pp5wznim;f_mj6sk7aqm3ykc;f_obqenbww26bh4;f_pt363jya2b736;f_qdalhfs5sm2qc;f_sqk6xbmyxen7s	dedr;dedr;L-Gondi;dedr;M-Gondi;dedr;Tr-Gondi	Full cow-ar/ov-ar has independent southern and Gondi support; no apical promotion.	Source-reported vowel-lowering incidence is not automatically accepted from these unclassified surface vowels; consult etymon and formation notes.
4	d2674	Konda	full-low-formation	0	1	sōru	f_w7vi6p74nhkt4	dedr	Full cow-ar/ov-ar has independent southern and Gondi support; no apical promotion.	Source-reported vowel-lowering incidence is not automatically accepted from these unclassified surface vowels; consult etymon and formation notes.
4	d2674	Kui	full-low-formation	1	1	sāru	f_a35zwj3fmxgee	dedr	Full cow-ar/ov-ar has independent southern and Gondi support; no apical promotion.	Source-reported vowel-lowering incidence is not automatically accepted from these unclassified surface vowels; consult etymon and formation notes.
4	d2674	Kuwi	full-low-formation	1	1	hāru;hārū	f_n757m2k6ohip6;f_oez2uysnfgnmc	dedr;F-Kuwi;dedr;S-Kuwi	Full cow-ar/ov-ar has independent southern and Gondi support; no apical promotion.	Source-reported vowel-lowering incidence is not automatically accepted from these unclassified surface vowels; consult etymon and formation notes.
4	d2674	Pengo	full-low-formation	0	1	sōr	f_ap5gsrqkqmxtk	dedr	Full cow-ar/ov-ar has independent southern and Gondi support; no apical promotion.	Source-reported vowel-lowering incidence is not automatically accepted from these unclassified surface vowels; consult etymon and formation notes.
4	d2674	Manda	full-low-formation	1	1	jār	f_y6km262nyxu4m	dedr	Full cow-ar/ov-ar has independent southern and Gondi support; no apical promotion.	Source-reported vowel-lowering incidence is not automatically accepted from these unclassified surface vowels; consult etymon and formation notes.
5	d516	Telugu	alternative-cognacy	0	1	erãgu;erãguḍu;eṟãgu;rēvu;ṟēvu	f_2ev7zelqpwhym;f_e5od7okyckgem;f_uy6bi7fk3wgza;f_x56ndqpatzxga;f_xmjor7la2kyae	dedr;dedr;Inscr1-Telugu	Eastern jāpa also belongs to cāy incline d2456; not two independent observations.	Source-reported vowel-lowering incidence is not automatically accepted from these unclassified surface vowels; consult etymon and formation notes.
5	d516	Gondi	alternative-cognacy	0	1	raggānā;ragstānā;ray;rehtānā;rey;reyānā	f_5qbomrsowssha;f_b4ft7zxgk5yje;f_ccnblmod4vmio;f_eyddwqoelnepo;f_j4lrewvddp6ts;f_rd66nn7ofj4hw;f_rsss2d4yk7him	dedr;A-Gondi;dedr;SR-Gondi;dedr;Tr-Gondi	Eastern jāpa also belongs to cāy incline d2456; not two independent observations.	Source-reported vowel-lowering incidence is not automatically accepted from these unclassified surface vowels; consult etymon and formation notes.
5	d516	Konda	alternative-cognacy	0	1	ṟe- (-t-);ṟep;ṟes- (-t-)	f_aq7chbwltcuhq;f_f3yi6uslztpf2;f_zit6dg3vn6mam	dedr;dedr;BB-Konda	Eastern jāpa also belongs to cāy incline d2456; not two independent observations.	Source-reported vowel-lowering incidence is not automatically accepted from these unclassified surface vowels; consult etymon and formation notes.
5	d516	Kui	alternative-cognacy	1	1	jāpa (jāt-);jāppa (jāpt-)	f_k5r5g2sqx6yry;f_mpwzmpzefmfzq	dedr	Eastern jāpa also belongs to cāy incline d2456; not two independent observations.	Source-reported vowel-lowering incidence is not automatically accepted from these unclassified surface vowels; consult etymon and formation notes.
5	d516	Kuwi	alternative-cognacy	1	1	jespi;re'nai;recali;repʰali	f_etd4hza7e4cgc;f_hzxumv3pdwsyk;f_jwk33nkz5spkk;f_tb365k33mk3be	dedr;F-Kuwi;dedr;S-Kuwi	Eastern jāpa also belongs to cāy incline d2456; not two independent observations.	Source-reported vowel-lowering incidence is not automatically accepted from these unclassified surface vowels; consult etymon and formation notes.
5	d516	Pengo	alternative-cognacy	0	1	jū- (-t-)	f_4fffrhsrtjxmc	dedr	Eastern jāpa also belongs to cāy incline d2456; not two independent observations.	Source-reported vowel-lowering incidence is not automatically accepted from these unclassified surface vowels; consult etymon and formation notes.
5	d516	Manda	alternative-cognacy	0	1	hē;hēpa- (for Manḍ. and its relationship vitʰ Kui in tʰis entry, see Burrov 1976, pp. 40-1);jē;jēpa- (for Manḍ. and its relationship vitʰ Kui in tʰis entry, see Burrov 1976, pp. 40-1)	f_ar4do5izanhmg;f_osczmqvgvl5g2;f_po5qfoxqm6qa2;f_ud2v52zozxjpy	dedr	Eastern jāpa also belongs to cāy incline d2456; not two independent observations.	Source-reported vowel-lowering incidence is not automatically accepted from these unclassified surface vowels; consult etymon and formation notes.
6	d1574	Telugu	root-low-only	0	1	celãgu;kelayu;kilārincu;kilārucu	f_5kk5uxdsc4owo;f_6ddaebvruwkxg;f_ltmm5hiotyowu;f_rwdas7v5z363q	dedr;dedr;K-Telugu	Southern cilai/kele supports low root derivative; labial eastern formation differs.	Source-reported vowel-lowering incidence is not automatically accepted from these unclassified surface vowels; consult etymon and formation notes.
6	d1574	Gondi	root-low-only	0	1	kil;kilh;kili;kilih;kiliyānā;kill;killītānā;kilānā;kilītānā;kīlitānā	f_2dkbaqwj3o22c;f_2zlvkzz67gcik;f_7iwshvnk5hhig;f_asazoppe473kq;f_gwelz6xahq24e;f_jkfikxtreyqeo;f_khf5olg6r723s;f_o354guxro6nam;f_qu44ruspt4umq;f_tqxm63psrs3ks;f_u47quzr7rsdns	dedr;dedr;M-Gondi;dedr;SR-Gondi;dedr;W-Gondi	Southern cilai/kele supports low root derivative; labial eastern formation differs.	Source-reported vowel-lowering incidence is not automatically accepted from these unclassified surface vowels; consult etymon and formation notes.
6	d1574	Konda	root-low-only	0	0				Southern cilai/kele supports low root derivative; labial eastern formation differs.	Source-reported vowel-lowering incidence is not automatically accepted from these unclassified surface vowels; consult etymon and formation notes.
6	d1574	Kui	root-low-only	1	1	klāpa (klāt-);klīri inba;klīri klīri ṛīva;klīsi klīsi ṛīva	f_d5xqo4v3h6xyy;f_gkov7euge77q2;f_ksbphdv6tqtom;f_pq62i4x4kuel6	dedr	Southern cilai/kele supports low root derivative; labial eastern formation differs.	Source-reported vowel-lowering incidence is not automatically accepted from these unclassified surface vowels; consult etymon and formation notes.
6	d1574	Kuwi	root-low-only	0	1	kileri-kīali;kileḍi kīnai;klīri innai;klīrinai	f_mmxrjh7unhig4;f_pakuj32usm7b6;f_q4gieywq7rr3i;f_vowuo6gnx6bym	dedr;dedr;F-Kuwi;dedr;S-Kuwi	Southern cilai/kele supports low root derivative; labial eastern formation differs.	Source-reported vowel-lowering incidence is not automatically accepted from these unclassified surface vowels; consult etymon and formation notes.
6	d1574	Pengo	root-low-only	0	0				Southern cilai/kele supports low root derivative; labial eastern formation differs.	Source-reported vowel-lowering incidence is not automatically accepted from these unclassified surface vowels; consult etymon and formation notes.
6	d1574	Manda	root-low-only	0	0				Southern cilai/kele supports low root derivative; labial eastern formation differs.	Source-reported vowel-lowering incidence is not automatically accepted from these unclassified surface vowels; consult etymon and formation notes.
7	d1818	Telugu	different-formations	0	1	goppu;goyyi;groccu;groyyi;groyyu;kroccu;krōlu;krōvi;kukki;kōlu;kṛ̆occe;kṛ̆ocu;kṛ̆ōce	f_4qzjchlammmqe;f_54wyozhofd25s;f_5culweofdbrd6;f_6apfcyxs2r7nk;f_7ezjpvvutew54;f_dedl5wyt5agce;f_f7b32xf2qsqai;f_h2yol63wxiceq;f_hos3a4hrtzpp6;f_jby43elvgqkno;f_monkpbbbfc3ss;f_uqri5hnye5yxk;f_ymftqos4hvizq	dedr;dedr;B-Telugu;dedr;B-Telugu;K-also-Telugu;dedr;Inscr-Telugu;dedr;Inscr2-Telugu;dedr;K-Telugu;K-also-Telugu;dedr;VPK-Telugu	Independent low-a tube versus high-i pit; lowered pit and mid-vowel tube must not be interchanged.	Source-reported vowel-lowering incidence is not automatically accepted from these unclassified surface vowels; consult etymon and formation notes.
7	d1818	Gondi	different-formations	0	1	gumiya;gumiyā;koṛi;koṛpanj ( koṛpahk)	f_35swhbwkhowos;f_55yaooermxbee;f_62gcmflzmzto6;f_bye4aordgi4k4;f_pqk26yeerl46u	dedr;dedr;L-Gondi	Independent low-a tube versus high-i pit; lowered pit and mid-vowel tube must not be interchanged.	Source-reported vowel-lowering incidence is not automatically accepted from these unclassified surface vowels; consult etymon and formation notes.
7	d1818	Konda	different-formations	0	1	gumi;kuṛk- (-t-);kuṛŋi- (-t-)	f_auwykm3b2iqz2;f_cmnucrccs5f3o;f_cywswj7nezdfm	dedr	Independent low-a tube versus high-i pit; lowered pit and mid-vowel tube must not be interchanged.	Source-reported vowel-lowering incidence is not automatically accepted from these unclassified surface vowels; consult etymon and formation notes.
7	d1818	Kui	different-formations	1	1	krōḍu ( krōṭka);krūpa;kṛāu ( kṛānga)	f_irmypoejwk5ug;f_mugi7j4foexfc;f_ueojsqwhol6pi	dedr	Independent low-a tube versus high-i pit; lowered pit and mid-vowel tube must not be interchanged.	Source-reported vowel-lowering incidence is not automatically accepted from these unclassified surface vowels; consult etymon and formation notes.
7	d1818	Kuwi	different-formations	1	1	glāyu;graiyū ( grānga);gṛāyu	f_dkykmnqyfbrfg;f_fl2x6lrhyynmc;f_uc2dgvkf36zui;f_vxlcnf6oajwsc	dedr;dedr;F-Kuwi;dedr;S-Kuwi	Independent low-a tube versus high-i pit; lowered pit and mid-vowel tube must not be interchanged.	Source-reported vowel-lowering incidence is not automatically accepted from these unclassified surface vowels; consult etymon and formation notes.
7	d1818	Pengo	different-formations	0	1	kṛoy	f_2wcx67yyqnyz6	dedr	Independent low-a tube versus high-i pit; lowered pit and mid-vowel tube must not be interchanged.	Source-reported vowel-lowering incidence is not automatically accepted from these unclassified surface vowels; consult etymon and formation notes.
7	d1818	Manda	different-formations	0	1	kṛay	f_wdjwehijhomvq	dedr	Independent low-a tube versus high-i pit; lowered pit and mid-vowel tube must not be interchanged.	Source-reported vowel-lowering incidence is not automatically accepted from these unclassified surface vowels; consult etymon and formation notes.
8	d1859	Telugu	root-low-only	0	1	kōṟa	f_lz4qpfdk4uwss	dedr;Inscr-Telugu	Low-ay cut independent, precise eastern labial derivative is reconstructed.	Source-reported vowel-lowering incidence is not automatically accepted from these unclassified surface vowels; consult etymon and formation notes.
8	d1859	Gondi	root-low-only	0	0				Low-ay cut independent, precise eastern labial derivative is reconstructed.	Source-reported vowel-lowering incidence is not automatically accepted from these unclassified surface vowels; consult etymon and formation notes.
8	d1859	Konda	root-low-only	0	0				Low-ay cut independent, precise eastern labial derivative is reconstructed.	Source-reported vowel-lowering incidence is not automatically accepted from these unclassified surface vowels; consult etymon and formation notes.
8	d1859	Kui	root-low-only	1	1	krāpa (krāt-)	f_gxva74k6dtn3e	dedr	Low-ay cut independent, precise eastern labial derivative is reconstructed.	Source-reported vowel-lowering incidence is not automatically accepted from these unclassified surface vowels; consult etymon and formation notes.
8	d1859	Kuwi	root-low-only	0	0				Low-ay cut independent, precise eastern labial derivative is reconstructed.	Source-reported vowel-lowering incidence is not automatically accepted from these unclassified surface vowels; consult etymon and formation notes.
8	d1859	Pengo	root-low-only	0	0				Low-ay cut independent, precise eastern labial derivative is reconstructed.	Source-reported vowel-lowering incidence is not automatically accepted from these unclassified surface vowels; consult etymon and formation notes.
8	d1859	Manda	root-low-only	0	0				Low-ay cut independent, precise eastern labial derivative is reconstructed.	Source-reported vowel-lowering incidence is not automatically accepted from these unclassified surface vowels; consult etymon and formation notes.
9	d2018	Telugu	root-low-only	0	0				Short kiḷai independent beside long kēḷ; Kui -mbu not attested in that comparandum.	Source-reported vowel-lowering incidence is not automatically accepted from these unclassified surface vowels; consult etymon and formation notes.
9	d2018	Gondi	root-low-only	0	0				Short kiḷai independent beside long kēḷ; Kui -mbu not attested in that comparandum.	Source-reported vowel-lowering incidence is not automatically accepted from these unclassified surface vowels; consult etymon and formation notes.
9	d2018	Konda	root-low-only	0	0				Short kiḷai independent beside long kēḷ; Kui -mbu not attested in that comparandum.	Source-reported vowel-lowering incidence is not automatically accepted from these unclassified surface vowels; consult etymon and formation notes.
9	d2018	Kui	root-low-only	1	1	klāmbu ( klāpka)	f_baluuupon4fbk	dedr	Short kiḷai independent beside long kēḷ; Kui -mbu not attested in that comparandum.	Source-reported vowel-lowering incidence is not automatically accepted from these unclassified surface vowels; consult etymon and formation notes.
9	d2018	Kuwi	root-low-only	0	0				Short kiḷai independent beside long kēḷ; Kui -mbu not attested in that comparandum.	Source-reported vowel-lowering incidence is not automatically accepted from these unclassified surface vowels; consult etymon and formation notes.
9	d2018	Pengo	root-low-only	0	0				Short kiḷai independent beside long kēḷ; Kui -mbu not attested in that comparandum.	Source-reported vowel-lowering incidence is not automatically accepted from these unclassified surface vowels; consult etymon and formation notes.
9	d2018	Manda	root-low-only	0	0				Short kiḷai independent beside long kēḷ; Kui -mbu not attested in that comparandum.	Source-reported vowel-lowering incidence is not automatically accepted from these unclassified surface vowels; consult etymon and formation notes.
10	d3259	Telugu	root-low-only	0	1	teṟa;teṟacu;teṟapa;teṟapi	f_bsir5okg6tahm;f_e7hwkfnfyq3ec;f_fdp2d4dpeqmi2;f_kgb6tkj5urbr6	dedr	Southern low open formation independent; labial ending and initial cluster loss separate.	Source-reported vowel-lowering incidence is not automatically accepted from these unclassified surface vowels; consult etymon and formation notes.
10	d3259	Gondi	root-low-only	0	1	rehānā;tarh;tarih;tarritānā;tarī;tarītānā;taṛi;terr;teṛ;tugaituna	f_3n73yltqpjiok;f_4qesstv52tbfu;f_4vjtdzxqckfls;f_a5m3tzhkq6zbs;f_akfrz3c3xv6m2;f_inmojv4vrt45u;f_m6qopie3bvala;f_px6nsuukkh3sk;f_qsu4sotdkvofc;f_th4nvc2vt6jzk	dedr;dedr;LuS-Gondi;dedr;Ph-Gondi;dedr;SR-Gondi;dedr;Tr-Gondi	Southern low open formation independent; labial ending and initial cluster loss separate.	Source-reported vowel-lowering incidence is not automatically accepted from these unclassified surface vowels; consult etymon and formation notes.
10	d3259	Konda	root-low-only	0	1	teṟe;ṟe;ṟē	f_5o53e3nhrq2ae;f_ri6j5siywrhei;f_zeatzwkp33nnk	dedr	Southern low open formation independent; labial ending and initial cluster loss separate.	Source-reported vowel-lowering incidence is not automatically accepted from these unclassified surface vowels; consult etymon and formation notes.
10	d3259	Kui	root-low-only	1	1	dari inba;dāpa (dāt-)	f_lh23fls4f32ya;f_zju5m6wads7gi	dedr	Southern low open formation independent; labial ending and initial cluster loss separate.	Source-reported vowel-lowering incidence is not automatically accepted from these unclassified surface vowels; consult etymon and formation notes.
10	d3259	Kuwi	root-low-only	0	1	de'- (det-);de'nai	f_5vg6rc4ajzatw;f_opoekmtrez4he	dedr;dedr;S-Kuwi	Southern low open formation independent; labial ending and initial cluster loss separate.	Source-reported vowel-lowering incidence is not automatically accepted from these unclassified surface vowels; consult etymon and formation notes.
10	d3259	Pengo	root-low-only	0	1	jē- (-t-)	f_t5c5t2oouvypg	dedr	Southern low open formation independent; labial ending and initial cluster loss separate.	Source-reported vowel-lowering incidence is not automatically accepted from these unclassified surface vowels; consult etymon and formation notes.
10	d3259	Manda	root-low-only	0	1	jē- (-t-)	f_6u25r2krxcfnu	dedr	Southern low open formation independent; labial ending and initial cluster loss separate.	Source-reported vowel-lowering incidence is not automatically accepted from these unclassified surface vowels; consult etymon and formation notes.
11	d3754	Telugu	root-low-only	0	1	nela;ven nela	f_6fda6logqz64s;f_rv5br5e25rhdq	dedr	Low moon base independent; eastern -nj versus southern -v requires morphology.	Source-reported vowel-lowering incidence is not automatically accepted from these unclassified surface vowels; consult etymon and formation notes.
11	d3754	Gondi	root-low-only	0	1	lalenj;lelenj;lenj;lēnj;nalenj;nalenj ( nalesk);nalēnj;nelenj	f_4vlbhcjqspkrg;f_d7f4opyytqnak;f_ffvbtkxps4cty;f_gl66tmnpcngku;f_ivlpvjvlytgou;f_ivwx6jzed2nva;f_mnf2x2a3nu4dc;f_n47kbg34myaas;f_qfh3qnds4y3ug;f_vw35ekurisnts;f_xe5nexicaql2i;f_ywgshdmez6ffc	dedr;dedr;A-Gondi;dedr;M-Gondi;dedr;SR-Gondi;M-Gondi;dedr;Tr-Gondi;dedr;W-Gondi;Ph-Gondi	Low moon base independent; eastern -nj versus southern -v requires morphology.	Source-reported vowel-lowering incidence is not automatically accepted from these unclassified surface vowels; consult etymon and formation notes.
11	d3754	Konda	root-low-only	0	1	lēnz;lēnzu;nela;neleŋ	f_is22wexk3vogm;f_kzwqyumr6lmco;f_pttxs6whl7s6g;f_ta7i2c7hapxyg	dedr;dedr;BB-Konda	Low moon base independent; eastern -nj versus southern -v requires morphology.	Source-reported vowel-lowering incidence is not automatically accepted from these unclassified surface vowels; consult etymon and formation notes.
11	d3754	Kui	root-low-only	1	1	ḍānju ( ḍāska)	f_zsylqzseracv6	dedr	Low moon base independent; eastern -nj versus southern -v requires morphology.	Source-reported vowel-lowering incidence is not automatically accepted from these unclassified surface vowels; consult etymon and formation notes.
11	d3754	Kuwi	root-low-only	0	1	lenjū ( leska);lēnju;lēnju ( lēska)	f_kfkv3cnn36rgy;f_rplz55outimpm;f_wbxzlfgi3jmkc;f_wrztujxjzki4e	dedr;F-Kuwi;dedr;Isr-Kuwi;dedr;S-Kuwi	Low moon base independent; eastern -nj versus southern -v requires morphology.	Source-reported vowel-lowering incidence is not automatically accepted from these unclassified surface vowels; consult etymon and formation notes.
11	d3754	Pengo	root-low-only	0	1	lēnj ( lēc-, lēcku)	f_6udh3denuukjg	dedr	Low moon base independent; eastern -nj versus southern -v requires morphology.	Source-reported vowel-lowering incidence is not automatically accepted from these unclassified surface vowels; consult etymon and formation notes.
11	d3754	Manda	root-low-only	0	1	lēnj	f_tbcabluqbv63g	dedr	Low moon base independent; eastern -nj versus southern -v requires morphology.	Source-reported vowel-lowering incidence is not automatically accepted from these unclassified surface vowels; consult etymon and formation notes.
12	d4536	Telugu	unknown	0	0				Konda por has no independent -a; separation from spread partly uses vowel outcome.	Source-reported vowel-lowering incidence is not automatically accepted from these unclassified surface vowels; consult etymon and formation notes.
12	d4536	Gondi	unknown	0	0				Konda por has no independent -a; separation from spread partly uses vowel outcome.	Source-reported vowel-lowering incidence is not automatically accepted from these unclassified surface vowels; consult etymon and formation notes.
12	d4536	Konda	unknown	0	1	por- (-t-)	f_6m27b55oxb6pc	dedr	Konda por has no independent -a; separation from spread partly uses vowel outcome.	Source-reported vowel-lowering incidence is not automatically accepted from these unclassified surface vowels; consult etymon and formation notes.
12	d4536	Kui	unknown	1	1	prāpa (prāt-)	f_6onmb42o6blg2	dedr	Konda por has no independent -a; separation from spread partly uses vowel outcome.	Source-reported vowel-lowering incidence is not automatically accepted from these unclassified surface vowels; consult etymon and formation notes.
12	d4536	Kuwi	unknown	1	1	pra'- (prat-);prahnai;prā- (-t-);pār- (-h-);pṛācali	f_27sllfmxiqgea;f_i3q5kwajzhr7q;f_tp4r3gyro32m4;f_vyofekgmepg7g;f_wv5pefddd4ejk	dedr;dedr;F-Kuwi;dedr;Isr-Kuwi;dedr;S-Kuwi	Konda por has no independent -a; separation from spread partly uses vowel outcome.	Source-reported vowel-lowering incidence is not automatically accepted from these unclassified surface vowels; consult etymon and formation notes.
12	d4536	Pengo	unknown	0	1	pro- (-t-)	f_m2wyl73m6ucce	dedr	Konda por has no independent -a; separation from spread partly uses vowel outcome.	Source-reported vowel-lowering incidence is not automatically accepted from these unclassified surface vowels; consult etymon and formation notes.
12	d4536	Manda	unknown	0	1	pre	f_ukhoc2cgzlvqe	dedr	Konda por has no independent -a; separation from spread partly uses vowel outcome.	Source-reported vowel-lowering incidence is not automatically accepted from these unclassified surface vowels; consult etymon and formation notes.
13	d3982	Telugu	unknown	0	1	prālu	f_277gnmswzytey	dedr	Rice has high-u and plural velar comparanda; proposed -a not independently matched.	Source-reported vowel-lowering incidence is not automatically accepted from these unclassified surface vowels; consult etymon and formation notes.
13	d3982	Gondi	unknown	0	1	paraik;paraík;pariku;paṛek;paṛem;paṛēk;pere;perek	f_c76isodrccebe;f_hh6qf7q7be2oq;f_hmv6lzrhrct2c;f_l6bysxhy7lohc;f_t7jbsgx373jce;f_tzt77sxdsvbr6;f_uyu5kezkxowdu;f_w4wglvcmaittw;f_xmcmfouy5b64a	dedr;dedr;A-Gondi;dedr;Ph-Gondi;dedr;SR-Gondi;dedr;Tr-Gondi;dedr;W-Gondi	Rice has high-u and plural velar comparanda; proposed -a not independently matched.	Source-reported vowel-lowering incidence is not automatically accepted from these unclassified surface vowels; consult etymon and formation notes.
13	d3982	Konda	unknown	0	1	per;peru	f_jnpzaswfztif2;f_r6iyf5usaeiqy	dedr	Rice has high-u and plural velar comparanda; proposed -a not independently matched.	Source-reported vowel-lowering incidence is not automatically accepted from these unclassified surface vowels; consult etymon and formation notes.
13	d3982	Kui	unknown	1	1	kōruvau;kōruvrau;prāma;prāu	f_kbiach7ob7lb4;f_m2qbuxbllvtcy;f_mkvel5rjmrjis;f_pu2yfjc57whl4	dedr	Rice has high-u and plural velar comparanda; proposed -a not independently matched.	Source-reported vowel-lowering incidence is not automatically accepted from these unclassified surface vowels; consult etymon and formation notes.
13	d3982	Kuwi	unknown	0	0				Rice has high-u and plural velar comparanda; proposed -a not independently matched.	Source-reported vowel-lowering incidence is not automatically accepted from these unclassified surface vowels; consult etymon and formation notes.
13	d3982	Pengo	unknown	0	1	preyi	f_bdwuatbhl7uo2	dedr	Rice has high-u and plural velar comparanda; proposed -a not independently matched.	Source-reported vowel-lowering incidence is not automatically accepted from these unclassified surface vowels; consult etymon and formation notes.
13	d3982	Manda	unknown	0	1	preyi	f_orupzesq3tc5a	dedr	Rice has high-u and plural velar comparanda; proposed -a not independently matched.	Source-reported vowel-lowering incidence is not automatically accepted from these unclassified surface vowels; consult etymon and formation notes.
14	d4410	Telugu	full-low-formation	0	1	pēru	f_ljsqftje6a52q	dedr	Southern pec-ar/pey-ar supports contraction; eastern dōr has a distinct unresolved history.	Source-reported vowel-lowering incidence is not automatically accepted from these unclassified surface vowels; consult etymon and formation notes.
14	d4410	Gondi	full-low-formation	0	1	paddur;padur;paroi;parroi;parōl;paṛōl;peder;pediri;poral;porol;poroy	f_bd4lxossfwpju;f_dlet53d5jjlm6;f_dvmm7kec347ws;f_fc5qarcrwu3sg;f_gcru3gjylyyvy;f_ijgktminyiwca;f_ix7jvjnac6v7e;f_lkcagdaf4kerm;f_mtk76eaob7vio;f_oxgjtxfpywxlu;f_qri3k5t3bagvq;f_t4kye3uewlfas	dedr;dedr;A-Gondi;dedr;L-Gondi;dedr;Ph-Gondi;dedr;Tr-Gondi	Southern pec-ar/pey-ar supports contraction; eastern dōr has a distinct unresolved history.	Source-reported vowel-lowering incidence is not automatically accepted from these unclassified surface vowels; consult etymon and formation notes.
14	d4410	Konda	full-low-formation	0	1	dōr;pēr;pēru	f_kuqavaadcnvkg;f_pmx24rcxaxyja;f_trdmaoxxfxtxw	dedr;dedr;BB-Konda	Southern pec-ar/pey-ar supports contraction; eastern dōr has a distinct unresolved history.	Source-reported vowel-lowering incidence is not automatically accepted from these unclassified surface vowels; consult etymon and formation notes.
14	d4410	Kui	full-low-formation	1	1	paḍa;pāru	f_5t5ew777q27le;f_wen4vrt3xdeym	dedr;dedr;K-Kui	Southern pec-ar/pey-ar supports contraction; eastern dōr has a distinct unresolved history.	Source-reported vowel-lowering incidence is not automatically accepted from these unclassified surface vowels; consult etymon and formation notes.
14	d4410	Kuwi	full-low-formation	0	1	dāru;dōru;dōru ki;dōrū	f_6krbimtwuv52o;f_eyiy5htitpwhc;f_tdb6s53vm6alw;f_zlzu4xo2r3r4s	dedr;F-Kuwi;dedr;Isr-Kuwi;dedr;S-Kuwi;Isr-Kuwi;dedr;Ḍ-Kuwi	Southern pec-ar/pey-ar supports contraction; eastern dōr has a distinct unresolved history.	Source-reported vowel-lowering incidence is not automatically accepted from these unclassified surface vowels; consult etymon and formation notes.
14	d4410	Pengo	full-low-formation	0	1	tōr	f_skcgupkssp2hs	dedr	Southern pec-ar/pey-ar supports contraction; eastern dōr has a distinct unresolved history.	Source-reported vowel-lowering incidence is not automatically accepted from these unclassified surface vowels; consult etymon and formation notes.
14	d4410	Manda	full-low-formation	0	1	dar	f_wyogxcxv3r7j4	dedr	Southern pec-ar/pey-ar supports contraction; eastern dōr has a distinct unresolved history.	Source-reported vowel-lowering incidence is not automatically accepted from these unclassified surface vowels; consult etymon and formation notes.
15	d4968	Telugu	root-low-only	0	0				Southern muc/y-al supplies low-a but not a primary apical input; regional morol needed.	Source-reported vowel-lowering incidence is not automatically accepted from these unclassified surface vowels; consult etymon and formation notes.
15	d4968	Gondi	root-low-only	0	1	malol ( D.molohk, Ma.molosku);maloṛ ( -i ( D.molohk, Ma.molosku);malōl ( malōhk ( D.molohk, Ma.molosku);molol ( D.molohk, Ma.molosku);molor;mulol ( D.molohk, Ma.molosku)	f_4sr6ffs7fiesu;f_6mib5vwfp55ea;f_6yhoomipxemf2;f_7lhsn7jliwygq;f_alzlrvwlbtbvy;f_il5ik67vin7ko;f_mmrgetwftmdmg;f_tbx637a6amqis;f_x2chdo2wciijg;f_yukuj47gcaslo;f_zmzncs3koiya6;f_zpr4cckx5xgo6	dedr;dedr;A-Gondi;dedr;Ph-Gondi;dedr;Tr-Gondi;dedr;W-Gondi;M-Gondi	Southern muc/y-al supplies low-a but not a primary apical input; regional morol needed.	Source-reported vowel-lowering incidence is not automatically accepted from these unclassified surface vowels; consult etymon and formation notes.
15	d4968	Konda	root-low-only	0	1	morol	f_qospc4kbmivje	dedr	Southern muc/y-al supplies low-a but not a primary apical input; regional morol needed.	Source-reported vowel-lowering incidence is not automatically accepted from these unclassified surface vowels; consult etymon and formation notes.
15	d4968	Kui	root-low-only	1	1	mṛāḍu	f_lbkgwcxi35p6e	dedr	Southern muc/y-al supplies low-a but not a primary apical input; regional morol needed.	Source-reported vowel-lowering incidence is not automatically accepted from these unclassified surface vowels; consult etymon and formation notes.
15	d4968	Kuwi	root-low-only	1	1	mrālu;mṛalu;mṛālū	f_c4yvw6fs6luwi;f_k6tkuvcbg4cqc;f_l4sutsio4y2gu	dedr;F-Kuwi;dedr;Isr-Kuwi;dedr;S-Kuwi	Southern muc/y-al supplies low-a but not a primary apical input; regional morol needed.	Source-reported vowel-lowering incidence is not automatically accepted from these unclassified surface vowels; consult etymon and formation notes.
15	d4968	Pengo	root-low-only	0	1	mrōl	f_chmmed7g2zdly	dedr	Southern muc/y-al supplies low-a but not a primary apical input; regional morol needed.	Source-reported vowel-lowering incidence is not automatically accepted from these unclassified surface vowels; consult etymon and formation notes.
15	d4968	Manda	root-low-only	0	0				Southern muc/y-al supplies low-a but not a primary apical input; regional morol needed.	Source-reported vowel-lowering incidence is not automatically accepted from these unclassified surface vowels; consult etymon and formation notes.
16	d4976	Telugu	full-low-formation	0	0				Tamil muraṟci/Tulu murajɛ/Gondi moras support low-a cord formation; Kuvi marcu source quantity differs.	Source-reported vowel-lowering incidence is not automatically accepted from these unclassified surface vowels; consult etymon and formation notes.
16	d4976	Gondi	full-low-formation	0	1	maronj;marõj;maṛos;maṛōnj;moras;moroli;moros;mōrūm	f_3vn6kynuz7guo;f_6r6jugeo7psdc;f_atu37qita4ltg;f_hf4gbhdepnyfa;f_jlhfatpoh7tiu;f_l3qkqjgzsv25k;f_q3yj4u2jk6cvo;f_qeaemlahqvmd6;f_wp5s5cq335fuw	dedr;dedr;M-Gondi;dedr;Ph-Gondi;dedr;Tr-Gondi	Tamil muraṟci/Tulu murajɛ/Gondi moras support low-a cord formation; Kuvi marcu source quantity differs.	Source-reported vowel-lowering incidence is not automatically accepted from these unclassified surface vowels; consult etymon and formation notes.
16	d4976	Konda	full-low-formation	0	0				Tamil muraṟci/Tulu murajɛ/Gondi moras support low-a cord formation; Kuvi marcu source quantity differs.	Source-reported vowel-lowering incidence is not automatically accepted from these unclassified surface vowels; consult etymon and formation notes.
16	d4976	Kui	full-low-formation	1	1	mrāsu	f_4h5aay3uwg4g6	dedr	Tamil muraṟci/Tulu murajɛ/Gondi moras support low-a cord formation; Kuvi marcu source quantity differs.	Source-reported vowel-lowering incidence is not automatically accepted from these unclassified surface vowels; consult etymon and formation notes.
16	d4976	Kuwi	full-low-formation	1	1	marcu	f_iqs44o4csqkzm	dedr;Ṭ-Kuwi	Tamil muraṟci/Tulu murajɛ/Gondi moras support low-a cord formation; Kuvi marcu source quantity differs.	Source-reported vowel-lowering incidence is not automatically accepted from these unclassified surface vowels; consult etymon and formation notes.
16	d4976	Pengo	full-low-formation	0	0				Tamil muraṟci/Tulu murajɛ/Gondi moras support low-a cord formation; Kuvi marcu source quantity differs.	Source-reported vowel-lowering incidence is not automatically accepted from these unclassified surface vowels; consult etymon and formation notes.
16	d4976	Manda	full-low-formation	0	0				Tamil muraṟci/Tulu murajɛ/Gondi moras support low-a cord formation; Kuvi marcu source quantity differs.	Source-reported vowel-lowering incidence is not automatically accepted from these unclassified surface vowels; consult etymon and formation notes.
17	d5082	Telugu	unknown	0	1	mrēvu;mrē̃gu;mēdu;mē̃gu	f_7msblpleyzn3c;f_c4zinr3kbwfxy;f_umeht4sejjcai;f_xaskqvo4umu2k	dedr;dedr;K-Telugu	Independent meẓ-uk is high-u; low-a nasal/labial formation must not be inferred from ē/ā.	Source-reported vowel-lowering incidence is not automatically accepted from these unclassified surface vowels; consult etymon and formation notes.
17	d5082	Gondi	unknown	0	1	maṛhuttānā;mitus;miṭānā;miṭṭūs;māc;mācānā	f_43y4lgbyo25cy;f_4wnpzj6kzhka6;f_7jsr2ywfzed3u;f_d3rmlu5igualq;f_jggswpsoec5xu;f_nxtbavwic2ul4;f_o3kgowr5j2t22;f_vyic4juwfer3w;f_wxsb33fdjxaau	dedr;dedr;Hislop-Drav;dedr;SR-Gondi;dedr;Tr-Gondi	Independent meẓ-uk is high-u; low-a nasal/labial formation must not be inferred from ē/ā.	Source-reported vowel-lowering incidence is not automatically accepted from these unclassified surface vowels; consult etymon and formation notes.
17	d5082	Konda	unknown	0	1	miṛis- (-t-)	f_zslcdxvxszp5w	dedr	Independent meẓ-uk is high-u; low-a nasal/labial formation must not be inferred from ē/ā.	Source-reported vowel-lowering incidence is not automatically accepted from these unclassified surface vowels; consult etymon and formation notes.
17	d5082	Kui	unknown	1	1	mrānḍa (mrānḍi-)	f_lh4mcqcq6nilc	dedr	Independent meẓ-uk is high-u; low-a nasal/labial formation must not be inferred from ē/ā.	Source-reported vowel-lowering incidence is not automatically accepted from these unclassified surface vowels; consult etymon and formation notes.
17	d5082	Kuwi	unknown	0	1	mrispi kīnai;mṇek- (-h-)	f_t2mufmxavlgng;f_vn75fhbwroeka	dedr;Isr-Kuwi;dedr;S-Kuwi	Independent meẓ-uk is high-u; low-a nasal/labial formation must not be inferred from ē/ā.	Source-reported vowel-lowering incidence is not automatically accepted from these unclassified surface vowels; consult etymon and formation notes.
17	d5082	Pengo	unknown	0	0				Independent meẓ-uk is high-u; low-a nasal/labial formation must not be inferred from ē/ā.	Source-reported vowel-lowering incidence is not automatically accepted from these unclassified surface vowels; consult etymon and formation notes.
17	d5082	Manda	unknown	0	0				Independent meẓ-uk is high-u; low-a nasal/labial formation must not be inferred from ē/ā.	Source-reported vowel-lowering incidence is not automatically accepted from these unclassified surface vowels; consult etymon and formation notes.
18	d5153	Telugu	compound-underdetermined	0	1	ē̃ḍu;ē̃ḍuḍi;ē̃ḍādi;ēṇḍu;ēṇṭabaḍi;ēṇṭēṭa	f_3cxmtdqyp2m3s;f_3syqpefmathaw;f_54yjmlgdhgod6;f_a357bme6omfcw;f_mht7rwsy55ieq;f_nxrlqbbs6ucjy	dedr;dedr;Inscr-Telugu;dedr;Inscr1-Telugu	Completed+year analysis and exact first member unresolved; bare long year is not eligible.	Source-reported vowel-lowering incidence is not automatically accepted from these unclassified surface vowels; consult etymon and formation notes.
18	d5153	Gondi	compound-underdetermined	0	1	hayēnḍ;hēnḍ;iyode;iyēnḍ;yeṇṛ;yēnḍ;yēḍa;ēnḍ;ēṇḍ;īyenḍ	f_5w3vk5z6dae6c;f_67fzjixwnu2jg;f_dztdsnbycnf2g;f_f4fsumr3jsufu;f_fagcbslurajhq;f_g7jmay7o3mon4;f_jeyeytnpnah42;f_kl3muhyvnj32k;f_y4mntkbimlpyu;f_z53n3meghih44;f_zs4v2kyhpo6be	dedr;dedr;M-Gondi;dedr;Pat-Gondi;dedr;Tr-Gondi;dedr;W-Gondi	Completed+year analysis and exact first member unresolved; bare long year is not eligible.	Source-reported vowel-lowering incidence is not automatically accepted from these unclassified surface vowels; consult etymon and formation notes.
18	d5153	Konda	compound-underdetermined	0	1	iyoṇḍ;nṛund;ēṇḍad;ōnḍkaṛa;ōṭkaṛa	f_tei22myqmf4fw;f_uf7a3tuftanfk;f_uozfltc3mrie6;f_zv5mpuoa6qvii;research:d5153-konda-nrund	Krishnamurti 1980 p.498 item18, image directly checked;dedr;dedr;BB-Konda	Completed+year analysis and exact first member unresolved; bare long year is not eligible.	Source-reported vowel-lowering incidence is not automatically accepted from these unclassified surface vowels; consult etymon and formation notes.
18	d5153	Kui	compound-underdetermined	1	1	vāṛonḍi;ōnḍu;ṛānḍu;ṛōnḍu	f_22cx53rl2rkpa;f_4ppl2gxtv6n6u;f_wi7kgkwgya7p6;f_ymcrzr3bpatyi	dedr;dedr;K-Kui	Completed+year analysis and exact first member unresolved; bare long year is not eligible.	Source-reported vowel-lowering incidence is not automatically accepted from these unclassified surface vowels; consult etymon and formation notes.
18	d5153	Kuwi	compound-underdetermined	1	1	rānḍu;vāṇona;īyona;ṛānḍu;ṛāṇḍu	f_d52z2xtqc6cyi;f_f4zwdjxvqeyza;f_lpm2imwk4n3ky;f_q52e3ztz3l24a;f_yb5n4cpyopsm4	dedr;Isr-Kuwi;dedr;S-Kuwi;dedr;Ṭ-Kuwi	Completed+year analysis and exact first member unresolved; bare long year is not eligible.	Source-reported vowel-lowering incidence is not automatically accepted from these unclassified surface vowels; consult etymon and formation notes.
18	d5153	Pengo	compound-underdetermined	0	1	iyonḍiŋ;ṛāṭihiŋ	f_2dkjwijdscvza;f_gswdbdws2e3jm	dedr	Completed+year analysis and exact first member unresolved; bare long year is not eligible.	Source-reported vowel-lowering incidence is not automatically accepted from these unclassified surface vowels; consult etymon and formation notes.
18	d5153	Manda	compound-underdetermined	0	1	ī̃yuṭ;ṛāṭihiŋ	f_hmk3t6n4qy3ys;f_yr3yk5mqt3ij2	dedr	Completed+year analysis and exact first member unresolved; bare long year is not eligible.	Source-reported vowel-lowering incidence is not automatically accepted from these unclassified surface vowels; consult etymon and formation notes.
19	d3559	Telugu	full-low-formation	not-positive-example	1	tokka;tōlu	f_4difxmy2ovq3q;f_mpunkvkc5v576	dedr	Full togal/tukal supports low formation, but Kui/Kuvi retain ō; earlier contraction is a chronology hypothesis.	Source-reported vowel-lowering incidence is not automatically accepted from these unclassified surface vowels; consult etymon and formation notes.
19	d3559	Gondi	full-low-formation	not-positive-example	1	tolka;tōl;tōl ( tōlku);tōla;tōlu;tōlu ( tōlku)	f_3ptqb6rkzrrh6;f_jphayyddlyxhg;f_l5arqag5upz2m;f_lmxb2smav7gjk;f_peoye5zh66dew;f_t7fd6kac2u5o6;f_vrriaifirnbre;f_wvskmjebip6v6;f_x5ya5g6vtnjde;f_xkrwlzj6d2upo;f_z4sn4q6f7xhmi;f_zrl6gp5w4dcfc	dedr;dedr;M-Gondi;dedr;Tr-Gondi;A-Gondi;W-Gondi;Ph-Gondi	Full togal/tukal supports low formation, but Kui/Kuvi retain ō; earlier contraction is a chronology hypothesis.	Source-reported vowel-lowering incidence is not automatically accepted from these unclassified surface vowels; consult etymon and formation notes.
19	d3559	Konda	full-low-formation	not-positive-example	1	toko;tōl;tōlu	f_2a7gexysk352o;f_vffanl2ofvmfm;f_xrccie5vhk24s	dedr;dedr;BB-Konda	Full togal/tukal supports low formation, but Kui/Kuvi retain ō; earlier contraction is a chronology hypothesis.	Source-reported vowel-lowering incidence is not automatically accepted from these unclassified surface vowels; consult etymon and formation notes.
19	d3559	Kui	full-low-formation	not-positive-example	1	ṭōḍu ( ṭōṭka	f_3lwlmxi6uwcpu	dedr	Full togal/tukal supports low formation, but Kui/Kuvi retain ō; earlier contraction is a chronology hypothesis.	Source-reported vowel-lowering incidence is not automatically accepted from these unclassified surface vowels; consult etymon and formation notes.
19	d3559	Kuwi	full-low-formation	not-positive-example	1	tōlu;tōlu ( tōlka);tōlū	f_lpxtlbhgckhss;f_oyqfflr2wfibc;f_vmfrxtjqjqvxw;f_zolxb2qnvazra	dedr;F-Kuwi;dedr;Isr-Kuwi;dedr;S-Kuwi	Full togal/tukal supports low formation, but Kui/Kuvi retain ō; earlier contraction is a chronology hypothesis.	Source-reported vowel-lowering incidence is not automatically accepted from these unclassified surface vowels; consult etymon and formation notes.
19	d3559	Pengo	full-low-formation	not-positive-example	1	tōl	f_brw43k6ditbdu	dedr	Full togal/tukal supports low formation, but Kui/Kuvi retain ō; earlier contraction is a chronology hypothesis.	Source-reported vowel-lowering incidence is not automatically accepted from these unclassified surface vowels; consult etymon and formation notes.
19	d3559	Manda	full-low-formation	not-positive-example	0				Full togal/tukal supports low formation, but Kui/Kuvi retain ō; earlier contraction is a chronology hypothesis.	Source-reported vowel-lowering incidence is not automatically accepted from these unclassified surface vowels; consult etymon and formation notes.
20	d2929	Telugu	high-vowel-formation	not-positive-example	1	nippu;nippuka	f_g5w2ykggx2mle;f_z3ooo33e74xza	dedr	Southern neruppu independent high-u; Kui drē is long, so do not universalize Telugu short-output rule.	Source-reported vowel-lowering incidence is not automatically accepted from these unclassified surface vowels; consult etymon and formation notes.
20	d2929	Gondi	high-vowel-formation	not-positive-example	1	nirustānā (<i>Voc.</i> 1991);nirvānā	f_2hlivtgfwnqpk;f_qnpynlivk6oc2	dedr;dedr;Tr-Gondi	Southern neruppu independent high-u; Kui drē is long, so do not universalize Telugu short-output rule.	Source-reported vowel-lowering incidence is not automatically accepted from these unclassified surface vowels; consult etymon and formation notes.
20	d2929	Konda	high-vowel-formation	not-positive-example	0				Southern neruppu independent high-u; Kui drē is long, so do not universalize Telugu short-output rule.	Source-reported vowel-lowering incidence is not automatically accepted from these unclassified surface vowels; consult etymon and formation notes.
20	d2929	Kui	high-vowel-formation	not-positive-example	1	drē;drē inba;drēna	f_6qimk5cksndq2;f_bpmccozhbbva2;f_dmhakni64ddjs	dedr	Southern neruppu independent high-u; Kui drē is long, so do not universalize Telugu short-output rule.	Source-reported vowel-lowering incidence is not automatically accepted from these unclassified surface vowels; consult etymon and formation notes.
20	d2929	Kuwi	high-vowel-formation	not-positive-example	0				Southern neruppu independent high-u; Kui drē is long, so do not universalize Telugu short-output rule.	Source-reported vowel-lowering incidence is not automatically accepted from these unclassified surface vowels; consult etymon and formation notes.
20	d2929	Pengo	high-vowel-formation	not-positive-example	0				Southern neruppu independent high-u; Kui drē is long, so do not universalize Telugu short-output rule.	Source-reported vowel-lowering incidence is not automatically accepted from these unclassified surface vowels; consult etymon and formation notes.
20	d2929	Manda	high-vowel-formation	not-positive-example	0				Southern neruppu independent high-u; Kui drē is long, so do not universalize Telugu short-output rule.	Source-reported vowel-lowering incidence is not automatically accepted from these unclassified surface vowels; consult etymon and formation notes.
21	d5159	Telugu	independent-long-root	not-positive-example	1	ēṟu ( ēṭi	f_mea3g7wqaeyy2	dedr	Long yĀṯ is independently supported; no lowering or apical displacement.	Source-reported vowel-lowering incidence is not automatically accepted from these unclassified surface vowels; consult etymon and formation notes.
21	d5159	Gondi	independent-long-root	not-positive-example	1	atta yēr;aṭ-yār;berel;beriaṛ;etk;yeh-gatā;yeha-kkorr;yēr (yēt-);ēr (ēt-, <i>pl.</i> ēhk);ēṛ	f_636q2o3t5yx56;f_6waxtwckdwvjo;f_aw24sge5pciia;f_epexs6w5lop56;f_fhtfe57nynuxa;f_hy5zs2z7dstha;f_ipgrr2c4sutwm;f_pvs65yzyp7qmw;f_qbvzl6ujjpe4i;f_ri3ybzsslrcve;f_sh6he2q5tpxuo;f_ytu6kyqgnkqjw	dedr;dedr;SR-Gondi;dedr;Tr-Gondi;dedr;W-Gondi;Ph-Gondi	Long yĀṯ is independently supported; no lowering or apical displacement.	Source-reported vowel-lowering incidence is not automatically accepted from these unclassified surface vowels; consult etymon and formation notes.
21	d5159	Konda	independent-long-root	not-positive-example	1	ēRki;ēṟ (obl ēR;ēṟu (obl ēR	f_hkgq25zursgwk;f_lvsvomeq24kny;f_ps3gjghsl3l6a	dedr	Long yĀṯ is independently supported; no lowering or apical displacement.	Source-reported vowel-lowering incidence is not automatically accepted from these unclassified surface vowels; consult etymon and formation notes.
21	d5159	Kui	independent-long-root	not-positive-example	1	ēju;ēski;ēsu	f_2alffgllvfefy;f_37orvba7zaabm;f_dx3qrw6tcamwm	dedr;dedr;K-Kui	Long yĀṯ is independently supported; no lowering or apical displacement.	Source-reported vowel-lowering incidence is not automatically accepted from these unclassified surface vowels; consult etymon and formation notes.
21	d5159	Kuwi	independent-long-root	not-positive-example	1	ēski;ēyu;ēyu (construed vitʰ pl. verb);ēyū (construed vitʰ pl. verb)	f_m3bbpfwsw6e2u;f_mvxlfsirpewzs;f_oruqkswzjvrio;f_syouysqjilhiu;f_z5qasiqw5wtwm	dedr;dedr;F-Kuwi;dedr;Isr-Kuwi;dedr;S-Kuwi;Isr-Kuwi	Long yĀṯ is independently supported; no lowering or apical displacement.	Source-reported vowel-lowering incidence is not automatically accepted from these unclassified surface vowels; consult etymon and formation notes.
21	d5159	Pengo	independent-long-root	not-positive-example	1	ēs (variant form ofēzused in certain combinations, e.g.ēs orliotter [lit. vater-rat]);ēski;ēz;ēz ība;ēzuŋ (variant form ofēzused in certain combinations, e.g.ēs orliotter [lit. vater-rat])	f_6vlxvgk5kc3za;f_kwulyfuzlbqa2;f_ltavfufeqvdik;f_rvbt3wm3oq472;f_w4vlutovafzls	dedr	Long yĀṯ is independently supported; no lowering or apical displacement.	Source-reported vowel-lowering incidence is not automatically accepted from these unclassified surface vowels; consult etymon and formation notes.
21	d5159	Manda	independent-long-root	not-positive-example	1	ehki;ey	f_4qoqvrr56o5ps;f_vl3lsfvvcspbq	dedr	Long yĀṯ is independently supported; no lowering or apical displacement.	Source-reported vowel-lowering incidence is not automatically accepted from these unclassified surface vowels; consult etymon and formation notes.
22	d811	Telugu	different-formations	not-positive-example	1	eragali;eravali;eriyincu;eriyu;talay-ēru;ērcu;ērpu	f_2vsv7dvqhpkvu;f_ax6ztffa6joom;f_ezkyngizg5giq;f_j5tkwwu2evtic;f_myiblmusv7756;f_rl7tvwmzyic7m;f_stpcytabwbgog	dedr;dedr;K-Telugu;burrow-emeneau1972den1[p. 401, entry 694]	Short eri and long causative/nominal grades must remain separate; not uniformly long input.	Source-reported vowel-lowering incidence is not automatically accepted from these unclassified surface vowels; consult etymon and formation notes.
22	d811	Gondi	different-formations	not-positive-example	1	arrī;ars;ers;erītānā;ērītānā	f_c2hqi7qtyllvi;f_fw2cbxo4j5bb4;f_hivhjncye3h54;f_v4rgk24oxo7rw;f_zasng36qzahiw	dedr;dedr;Ph-Gondi;dedr;Tr-Gondi	Short eri and long causative/nominal grades must remain separate; not uniformly long input.	Source-reported vowel-lowering incidence is not automatically accepted from these unclassified surface vowels; consult etymon and formation notes.
22	d811	Konda	different-formations	not-positive-example	1	er- (-t-);eris	f_yskntrobjbkbq;f_z7vvi244gjv2g	dedr	Short eri and long causative/nominal grades must remain separate; not uniformly long input.	Source-reported vowel-lowering incidence is not automatically accepted from these unclassified surface vowels; consult etymon and formation notes.
22	d811	Kui	different-formations	not-positive-example	1	rīva (rīt-);ērpa (ērt-)	f_extiizmkk4lig;f_hljpanzrpzkxs	dedr	Short eri and long causative/nominal grades must remain separate; not uniformly long input.	Source-reported vowel-lowering incidence is not automatically accepted from these unclassified surface vowels; consult etymon and formation notes.
22	d811	Kuwi	different-formations	not-positive-example	1	er;er- (-t-)	f_5mfzfkza3bib2;f_sc7ipp3eh2pwk	dedr;Isr-Kuwi;dedr;Ḍ-Kuwi	Short eri and long causative/nominal grades must remain separate; not uniformly long input.	Source-reported vowel-lowering incidence is not automatically accepted from these unclassified surface vowels; consult etymon and formation notes.
22	d811	Pengo	different-formations	not-positive-example	0				Short eri and long causative/nominal grades must remain separate; not uniformly long input.	Source-reported vowel-lowering incidence is not automatically accepted from these unclassified surface vowels; consult etymon and formation notes.
22	d811	Manda	different-formations	not-positive-example	0				Short eri and long causative/nominal grades must remain separate; not uniformly long input.	Source-reported vowel-lowering incidence is not automatically accepted from these unclassified surface vowels; consult etymon and formation notes.
23	d2237	Telugu	independent-long-root	not-positive-example	1	kōla;kōlana;kōlani	f_6jwizzevnefim;f_muuo7oclyoj3o;f_q3usn5kjwucbo	dedr	Independent long kōl; no lowering.	Source-reported vowel-lowering incidence is not automatically accepted from these unclassified surface vowels; consult etymon and formation notes.
23	d2237	Gondi	independent-long-root	not-positive-example	1	kola;kōla;kōlā	f_2m2uc6ilqa7se;f_2p4do6cxzyfhm;f_4dm7rmktb5gea;f_cz2zqysnwwyim;f_dc53xdulkmfz6;f_dxroyojfrykpo;f_sbtztclyalaqk;f_xgxchah23ouwu	dedr;dedr;A-Gondi;dedr;LuS-Gondi	Independent long kōl; no lowering.	Source-reported vowel-lowering incidence is not automatically accepted from these unclassified surface vowels; consult etymon and formation notes.
23	d2237	Konda	independent-long-root	not-positive-example	1	kōl	f_lv67x7i6wevwu	dedr	Independent long kōl; no lowering.	Source-reported vowel-lowering incidence is not automatically accepted from these unclassified surface vowels; consult etymon and formation notes.
23	d2237	Kui	independent-long-root	not-positive-example	1	kōḍu ( kōṭka)	f_ce6oylfgkdxii	dedr	Independent long kōl; no lowering.	Source-reported vowel-lowering incidence is not automatically accepted from these unclassified surface vowels; consult etymon and formation notes.
23	d2237	Kuwi	independent-long-root	not-positive-example	1	kōlu ( kōlka);kōlū ( kōlka)	f_mhw66lhvgpvco;f_xte2gna2ujhra	dedr;F-Kuwi;dedr;S-Kuwi	Independent long kōl; no lowering.	Source-reported vowel-lowering incidence is not automatically accepted from these unclassified surface vowels; consult etymon and formation notes.
23	d2237	Pengo	independent-long-root	not-positive-example	1	kōl	f_5b4fwg2ylhbts	dedr	Independent long kōl; no lowering.	Source-reported vowel-lowering incidence is not automatically accepted from these unclassified surface vowels; consult etymon and formation notes.
23	d2237	Manda	independent-long-root	not-positive-example	1	kūl	f_y5jizjhouoyfy	dedr	Independent long kōl; no lowering.	Source-reported vowel-lowering incidence is not automatically accepted from these unclassified surface vowels; consult etymon and formation notes.
24	d2628	Telugu	unknown	not-positive-example	0				Chironji exact historical vowel/formation needs evidence; mid output cannot establish or disprove an -a input.	Source-reported vowel-lowering incidence is not automatically accepted from these unclassified surface vowels; consult etymon and formation notes.
24	d2628	Gondi	unknown	not-positive-example	1	rēka;sarēkā;saṛēka;serkā;sirkā marā	f_3igxugxtjzsbm;f_ihozzvkrnbuda;f_kdd53ze3yg7qi;f_s4g7yzgrmb3te;f_tjz4gog5ocrcc;f_vy47iqjjoanhe	dedr;dedr;SR-Gondi;dedr;Tr-Gondi;dedr;burrow-emeneau1972den1[p. 407, entry 2160]	Chironji exact historical vowel/formation needs evidence; mid output cannot establish or disprove an -a input.	Source-reported vowel-lowering incidence is not automatically accepted from these unclassified surface vowels; consult etymon and formation notes.
24	d2628	Konda	unknown	not-positive-example	0				Chironji exact historical vowel/formation needs evidence; mid output cannot establish or disprove an -a input.	Source-reported vowel-lowering incidence is not automatically accepted from these unclassified surface vowels; consult etymon and formation notes.
24	d2628	Kui	unknown	not-positive-example	1	srēko	f_ortk676vk3ki4	dedr	Chironji exact historical vowel/formation needs evidence; mid output cannot establish or disprove an -a input.	Source-reported vowel-lowering incidence is not automatically accepted from these unclassified surface vowels; consult etymon and formation notes.
24	d2628	Kuwi	unknown	not-positive-example	1	rēko	f_eruvxosz2di6w	dedr;Ṭ-Kuwi	Chironji exact historical vowel/formation needs evidence; mid output cannot establish or disprove an -a input.	Source-reported vowel-lowering incidence is not automatically accepted from these unclassified surface vowels; consult etymon and formation notes.
24	d2628	Pengo	unknown	not-positive-example	1	rēka mar	f_b4c3upvsu4mpc	dedr	Chironji exact historical vowel/formation needs evidence; mid output cannot establish or disprove an -a input.	Source-reported vowel-lowering incidence is not automatically accepted from these unclassified surface vowels; consult etymon and formation notes.
24	d2628	Manda	unknown	not-positive-example	1	rēko	f_nk2bcr6cfebym	dedr	Chironji exact historical vowel/formation needs evidence; mid output cannot establish or disprove an -a input.	Source-reported vowel-lowering incidence is not automatically accepted from these unclassified surface vowels; consult etymon and formation notes.
25	d4418	Telugu	independent-nonlow-formation	not-positive-example	0				Konda peṛen/Gondi peṛe- support e, not -a; ē is not a decisive exception to a low-a rule.	Source-reported vowel-lowering incidence is not automatically accepted from these unclassified surface vowels; consult etymon and formation notes.
25	d4418	Gondi	independent-nonlow-formation	not-positive-example	1	paneka;panēkā;penˀ ka;peṛeka;peṛekā;peṛeŋka;peṛka;pɛnka	f_6di3hmgpinl46;f_a5fnk6zuldzq4;f_brd4h6wdxw2ce;f_ch3sj44jq6ato;f_fuggeummzmmmg;f_i75m5cdrkhc6u;f_luwx733jjz5ao;f_vsmd7wp7b5ndg;f_xx7h4ttooz22u	dedr;dedr;LuS-Gondi;dedr;M-Gondi;dedr;Tr-Gondi	Konda peṛen/Gondi peṛe- support e, not -a; ē is not a decisive exception to a low-a rule.	Source-reported vowel-lowering incidence is not automatically accepted from these unclassified surface vowels; consult etymon and formation notes.
25	d4418	Konda	independent-nonlow-formation	not-positive-example	1	peṛen ( peṛek	f_gyc7cx7otp7ko	dedr;BB-Konda	Konda peṛen/Gondi peṛe- support e, not -a; ē is not a decisive exception to a low-a rule.	Source-reported vowel-lowering incidence is not automatically accepted from these unclassified surface vowels; consult etymon and formation notes.
25	d4418	Kui	independent-nonlow-formation	not-positive-example	1	pṛēnu ( pṛēka)	f_frz2s5l6eipwo	dedr	Konda peṛen/Gondi peṛe- support e, not -a; ē is not a decisive exception to a low-a rule.	Source-reported vowel-lowering incidence is not automatically accepted from these unclassified surface vowels; consult etymon and formation notes.
25	d4418	Kuwi	independent-nonlow-formation	not-positive-example	1	plēnu;prēnū;pēṛnu;pṛēnu;pṛēnu ( pṛēka)	f_3bgssm5w53fse;f_4ybqhgg5u4sde;f_heqen2e2bz5ps;f_suzwbwdkb7i7u;f_uvcuypx6dwivm	dedr;dedr;F-Kuwi;dedr;Isr-Kuwi;dedr;S-Kuwi;dedr;Ṭ-Kuwi	Konda peṛen/Gondi peṛe- support e, not -a; ē is not a decisive exception to a low-a rule.	Source-reported vowel-lowering incidence is not automatically accepted from these unclassified surface vowels; consult etymon and formation notes.
25	d4418	Pengo	independent-nonlow-formation	not-positive-example	1	pṛēn ( pṛēku)	f_m2jcdhju5wwa2	dedr	Konda peṛen/Gondi peṛe- support e, not -a; ē is not a decisive exception to a low-a rule.	Source-reported vowel-lowering incidence is not automatically accepted from these unclassified surface vowels; consult etymon and formation notes.
25	d4418	Manda	independent-nonlow-formation	not-positive-example	1	pṛēn ( pṛēke)	f_eate72sc2mnmc	dedr	Konda peṛen/Gondi peṛe- support e, not -a; ē is not a decisive exception to a low-a rule.	Source-reported vowel-lowering incidence is not automatically accepted from these unclassified surface vowels; consult etymon and formation notes.
