Record_ID	Entry_ID	Language_ID	Source_Form	Source_Gloss	Source	Input_Class	Proposed_Immediate_Input	Supporting_Past_Stem	Disposition	Observed_Outcome	Derivation_and_Direction	Confidence	Exception_Notes	Family_ID	Review_Scope
f_2shiah6khbeyq	d325	Kui	abga (&lt	to be seemly, be proper, be fitting, be suitable, suit, fit, agree, fulfil, suitability. DEDS 44	dedr	verbal-velar+labial-formative	ag-b-		source-supported-verbal-input	D	The source explicitly supplies velar-before-labial morphological input; attested labial-before-velar supports a synchronic exchange analysis. Garrett and Blevins2009 pp.537–543 propose an analogical origin through replacement and double marking, so these forms do not independently prove prehistoric phonetic transposition.	high for local source analysis; deeper root history not asserted	Parser splits abga (<) and explanatory ag-b into separate records. Only abga is the attested lexeme; ag-b is a supplied pre-reordering analysis.	d325	Complete screen hit adjudicated for local velar/labial process; wider etymon comparison is limited unless separately present in casebook.
f_2vphnxjlhsbli	d228	Kui	rāpka	(&lt;rāk-p-; rākt-) to cause to rub together, wear by friction	dedr	verbal-velar+labial-formative	rāk-p-	rākt-	source-supported-verbal-input	D	The source explicitly supplies velar-before-labial morphological input; attested labial-before-velar supports a synchronic exchange analysis. Garrett and Blevins2009 pp.537–543 propose an analogical origin through replacement and double marking, so these forms do not independently prove prehistoric phonetic transposition.	high for local source analysis; deeper root history not asserted		d228	Complete screen hit adjudicated for local velar/labial process; wider etymon comparison is limited unless separately present in casebook.
f_37pzhlkx3bqaq	d4760	Kui	mrāpka (&lt; mrāk-p-; mrākt-)	to lose, obliterate; losing, obliterating	dedr	verbal-velar+labial-formative	mrāk-p-	mrākt-	source-supported-verbal-input	D	The source explicitly supplies velar-before-labial morphological input; attested labial-before-velar supports a synchronic exchange analysis. Garrett and Blevins2009 pp.537–543 propose an analogical origin through replacement and double marking, so these forms do not independently prove prehistoric phonetic transposition.	high for local source analysis; deeper root history not asserted		d4760	Complete screen hit adjudicated for local velar/labial process; wider etymon comparison is limited unless separately present in casebook.
f_3lhbndvrgufww	d1868	Kui	kūpka (&lt; kūkp-; kūkt-)	to shout, hail, call aloud; a shout	dedr	verbal-velar+labial-formative	kūkp-	kūkt-	source-supported-verbal-input	D	The source explicitly supplies velar-before-labial morphological input; attested labial-before-velar supports a synchronic exchange analysis. Garrett and Blevins2009 pp.537–543 propose an analogical origin through replacement and double marking, so these forms do not independently prove prehistoric phonetic transposition.	high for local source analysis; deeper root history not asserted		d1868	Complete screen hit adjudicated for local velar/labial process; wider etymon comparison is limited unless separately present in casebook.
f_3o5nmdtypifz2	d5200	Kui	lepka	(&lt;lek-p-; lekt-)to break, snap off, strike a bargain; act of breaking	dedr	verbal-velar+labial-formative	lek-p-	lekt-	source-supported-verbal-input	D	The source explicitly supplies velar-before-labial morphological input; attested labial-before-velar supports a synchronic exchange analysis. Garrett and Blevins2009 pp.537–543 propose an analogical origin through replacement and double marking, so these forms do not independently prove prehistoric phonetic transposition.	high for local source analysis; deeper root history not asserted		d5200	Complete screen hit adjudicated for local velar/labial process; wider etymon comparison is limited unless separately present in casebook.
f_3y4ju3dgej3a6	d2955	Kui	ḍipka	(&lt;ḍik-p-; ḍikt-)to kill, slay, murder; murder	dedr	verbal-velar+labial-formative	ḍik-p-	ḍikt-	source-supported-verbal-input	D	The source explicitly supplies velar-before-labial morphological input; attested labial-before-velar supports a synchronic exchange analysis. Garrett and Blevins2009 pp.537–543 propose an analogical origin through replacement and double marking, so these forms do not independently prove prehistoric phonetic transposition.	high for local source analysis; deeper root history not asserted		d2955	Complete screen hit adjudicated for local velar/labial process; wider etymon comparison is limited unless separately present in casebook.
f_563uyklearbyy	d1691	Kui	gunḍis kopka	to squat, sit on the heels (forkopka, see 1628). DEDS 236	dedr	not-established			duplicate-compound	same-family	gunḍis kopka contains the already-counted sitting verb1628; squat construction is not a second independent velar–labial event.			d1628	Complete screen hit adjudicated for local velar/labial process; wider etymon comparison is limited unless separately present in casebook.
f_5d6iutnr7yz44	d2908	Kui	nōṇu	string, cord made from a forest climbing plant	dedr	not-established			english-or-metadata-match	ineligible	Screen matched English text (pumpkin, climbing, scoop, bag-pipe, etc.), not a relevant lexical velar–labial sequence.			d2908	Complete screen hit adjudicated for local velar/labial process; wider etymon comparison is limited unless separately present in casebook.
f_5dz4bkfwnjsf4	d2363	Kui	srapka (&lt; srak-p-; srakt-)	to be brackish	dedr	verbal-velar+labial-formative	srak-p-	srakt-	source-supported-verbal-input	D	The source explicitly supplies velar-before-labial morphological input; attested labial-before-velar supports a synchronic exchange analysis. Garrett and Blevins2009 pp.537–543 propose an analogical origin through replacement and double marking, so these forms do not independently prove prehistoric phonetic transposition.	high for local source analysis; deeper root history not asserted		d2363	Complete screen hit adjudicated for local velar/labial process; wider etymon comparison is limited unless separately present in casebook.
f_5i3fgvjaw2ryk	d1079	Manda	kabga	to vomit	dedr	verbal-velar+labial-formative	kak + intensive-ba		comparatively-supported-verbal-input	D	Independent local full stem in panel-029 supports a final velar. Labial derivation and voicing assimilation yield the observed p-k/b-g order; purely phonetic origin versus analogical history remains unresolved.	medium-high for local morphological ordering		d1079	Complete screen hit adjudicated for local velar/labial process; wider etymon comparison is limited unless separately present in casebook.
f_5oxdbblrif6gi	d3323	Kuwi	hūpkinai	to vomit	dedr	labial-stem+velar-formative	hūp spit + k-i/a		labial-stem-plus-velar-control	O	Independent labial base (panel-029 for heap, quiet and spit) supports original p-before-k, not an underlying velar-before-labial sequence. The interlace compound remains less fully segmented.	high for labial bases except interlace, medium for exact derivation		d3323	Complete screen hit adjudicated for local velar/labial process; wider etymon comparison is limited unless separately present in casebook.
f_64cwfkd4pln3y	d2804	Pengo	hēbga (&lt; hēg-b-)	to whisper	dedr	verbal-velar+labial-formative	hēg-b-		source-supported-verbal-input	D	The source explicitly supplies velar-before-labial morphological input; attested labial-before-velar supports a synchronic exchange analysis. Garrett and Blevins2009 pp.537–543 propose an analogical origin through replacement and double marking, so these forms do not independently prove prehistoric phonetic transposition.	high for local source analysis; deeper root history not asserted		d2804	Complete screen hit adjudicated for local velar/labial process; wider etymon comparison is limited unless separately present in casebook.
f_6e4zjs67hwkmi	d4527	Kuwi	pompki-ahanaha	with arms interlaced	dedr;F-Kuwi	labial-stem+velar-formative	pomp interlace + k-i		labial-stem-plus-velar-control	O	Independent labial base (panel-029 for heap, quiet and spit) supports original p-before-k, not an underlying velar-before-labial sequence. The interlace compound remains less fully segmented.	high for labial bases except interlace, medium for exact derivation		d4527	Complete screen hit adjudicated for local velar/labial process; wider etymon comparison is limited unless separately present in casebook.
f_6p76ehnd34kgg	d1957	Kui	kiva (kit-)	to do, make, perform, cause; action, performance; gipka (gip ki-)	dedr	vowel-stem+p+ki	gī + p + ki		vowel-stem-plus-complex-pk-control	O	Winfield1928 p.73 directly supplies gīva:gīpki do and explains p strengthening before ki. The lexical gipka form differs in written quantity, but no velar-before-labial input is established.	high for independent vowel-final stem; medium for exact historical morphology		d1957	Complete screen hit adjudicated for local velar/labial process; wider etymon comparison is limited unless separately present in casebook.
f_7elevopcvv4ww	d2958	Kuwi	ḍīmbu	(ḍīpka) gourd	dedr;Isr-Kuwi	nominal-stem+plural-k	ḍīmb + plural-k		nominal-plural-control	O	This is a noun plural formation; the record supplies no velar-before-labial input. Nasal/labial alternation or plural allomorphy is separate from verbal k-p reversal.	medium; exact nominal allomorphy partly unresolved		d2958	Complete screen hit adjudicated for local velar/labial process; wider etymon comparison is limited unless separately present in casebook.
f_7law2kza56pwg	d4955	Kuwi	murˀ esi	back-bone. DED(S) 4058	dedr;Isr-Kuwi	not-established			english-or-metadata-match	ineligible	English gloss or bibliographic shorthand matched the broad screen; no relevant lexical sequence.			d4955	Complete screen hit adjudicated for local velar/labial process; wider etymon comparison is limited unless separately present in casebook.
f_7mmbwmoolt3gs	d5180	Kui	napka	(&lt;nak-p-; nakt-) to be sweet	dedr	verbal-velar+labial-formative	nak-p-	nakt-	source-supported-verbal-input	D	The source explicitly supplies velar-before-labial morphological input; attested labial-before-velar supports a synchronic exchange analysis. Garrett and Blevins2009 pp.537–543 propose an analogical origin through replacement and double marking, so these forms do not independently prove prehistoric phonetic transposition.	high for local source analysis; deeper root history not asserted		d5180	Complete screen hit adjudicated for local velar/labial process; wider etymon comparison is limited unless separately present in casebook.
f_7o3txxgzmu6cy	d2335	Kui	japka japka vēpa	to slap, beat with open hand	dedr	not-established			input-unresolved	A	japka reduplicated slapping construction can be expressive; no independent jak-p input.			d2335	Complete screen hit adjudicated for local velar/labial process; wider etymon comparison is limited unless separately present in casebook.
f_7rze6k5rcztvq	d3339	Kui	trupka (&lt; truk-p-; trukt-)	to bore, pierce	dedr	verbal-velar+labial-formative	truk-p-	trukt-	source-supported-verbal-input	D	The source explicitly supplies velar-before-labial morphological input; attested labial-before-velar supports a synchronic exchange analysis. Garrett and Blevins2009 pp.537–543 propose an analogical origin through replacement and double marking, so these forms do not independently prove prehistoric phonetic transposition.	high for local source analysis; deeper root history not asserted		d3339	Complete screen hit adjudicated for local velar/labial process; wider etymon comparison is limited unless separately present in casebook.
f_7wr5b6lzlmmms	d4975	Kui	mrupka	(&lt;mruk-p-; mrukt-)to tear, murder, kill; tearing, murder	dedr	verbal-velar+labial-formative	mruk-p-	mrukt-	source-supported-verbal-input	D	The source explicitly supplies velar-before-labial morphological input; attested labial-before-velar supports a synchronic exchange analysis. Garrett and Blevins2009 pp.537–543 propose an analogical origin through replacement and double marking, so these forms do not independently prove prehistoric phonetic transposition.	high for local source analysis; deeper root history not asserted		d4975	Complete screen hit adjudicated for local velar/labial process; wider etymon comparison is limited unless separately present in casebook.
f_a6wowa7sc5wkq	d3714	Kui	ṛupka	(&lt;ṛuk-p-; ṛukt-) to thrust in between, fit in something between two surfaces, twist something into a cloth, insert	dedr	verbal-velar+labial-formative	ṛuk-p-	ṛukt-	source-supported-verbal-input	D	The source explicitly supplies velar-before-labial morphological input; attested labial-before-velar supports a synchronic exchange analysis. Garrett and Blevins2009 pp.537–543 propose an analogical origin through replacement and double marking, so these forms do not independently prove prehistoric phonetic transposition.	high for local source analysis; deeper root history not asserted		d3714	Complete screen hit adjudicated for local velar/labial process; wider etymon comparison is limited unless separately present in casebook.
f_aegukbebzu2sq	d2908	Kui	nōsu	string, cord made from a forest climbing plant	dedr	not-established			english-or-metadata-match	ineligible	Screen matched English text (pumpkin, climbing, scoop, bag-pipe, etc.), not a relevant lexical velar–labial sequence.			d2908	Complete screen hit adjudicated for local velar/labial process; wider etymon comparison is limited unless separately present in casebook.
f_annskmmh7hmag	d178	Kuwi	ambu ( apka)	arrow	dedr;Isr-Kuwi	nominal-stem+plural-k	amb + plural-k		nominal-plural-control	O	This is a noun plural formation; the record supplies no velar-before-labial input. Nasal/labial alternation or plural allomorphy is separate from verbal k-p reversal.	medium; exact nominal allomorphy partly unresolved		d178	Complete screen hit adjudicated for local velar/labial process; wider etymon comparison is limited unless separately present in casebook.
f_aq52w67yubthg	d4979	Kuwi	mūrmū ( mrūpka)	nose-ring	dedr;F-Kuwi	nominal-stem+plural-k	mūrm / mrū? + plural-k		nominal-plural-control	O	This is a noun plural formation; the record supplies no velar-before-labial input. Nasal/labial alternation or plural allomorphy is separate from verbal k-p reversal.	medium; exact nominal allomorphy partly unresolved		d4979	Complete screen hit adjudicated for local velar/labial process; wider etymon comparison is limited unless separately present in casebook.
f_arcejhidriz2w	d2046	Kui	grōḍa	the scoop or receptacle made by holding both hands together	dedr	not-established			english-or-metadata-match	ineligible	Screen matched English text (pumpkin, climbing, scoop, bag-pipe, etc.), not a relevant lexical velar–labial sequence.			d2046	Complete screen hit adjudicated for local velar/labial process; wider etymon comparison is limited unless separately present in casebook.
f_azxiuawfg7ieo	d1628	Kuwi	kupki ki	to make to sit. DED(S) 1356	dedr;Mah-Kuwi	verbal-velar+labial-formative	kug/kok + pi#ki		comparatively-supported-verbal-input	D	Independent local full stem in panel-029 supports a final velar. Labial derivation and voicing assimilation yield the observed p-k/b-g order; purely phonetic origin versus analogical history remains unresolved.	medium-high for local morphological ordering		d1628	Complete screen hit adjudicated for local velar/labial process; wider etymon comparison is limited unless separately present in casebook.
f_b2hjwxrptnka6	d4833	Kui	māla	a creeping or climbing plant, creeper; tendril, long branch of creeping or climbing plant	dedr	not-established			english-or-metadata-match	ineligible	Screen matched English text (pumpkin, climbing, scoop, bag-pipe, etc.), not a relevant lexical velar–labial sequence.			d4833	Complete screen hit adjudicated for local velar/labial process; wider etymon comparison is limited unless separately present in casebook.
f_baluuupon4fbk	d2018	Kui	klāmbu ( klāpka)	family, lineage, kin, tribe, sort, species, kind	dedr	nasal/labial-stem+plural-k	klāmbu + plural-k		nominal-plural-control	O	Labial precedes the plural velar in the morphological input already; nasal loss and/or devoicing can yield p-k without k-p reversal. This is an independently different input class.	medium; precise plural allomorphy requires full paradigms		d2018	Complete screen hit adjudicated for local velar/labial process; wider etymon comparison is limited unless separately present in casebook.
f_bbjlshrg6bkx6	d1994	Kui	kēga	magpie	dedr	not-established			english-or-metadata-match	ineligible	Screen matched English text (pumpkin, climbing, scoop, bag-pipe, etc.), not a relevant lexical velar–labial sequence.			d1994	Complete screen hit adjudicated for local velar/labial process; wider etymon comparison is limited unless separately present in casebook.
f_bzzp2cg5za254	d5519	Kui	vēpka	(&lt;vēk-p-; vēkt-) to stretch forth, stretch up, crane the neck, spread out, open out	dedr	verbal-velar+labial-formative	vēk-p-	vēkt-	source-supported-verbal-input	D	The source explicitly supplies velar-before-labial morphological input; attested labial-before-velar supports a synchronic exchange analysis. Garrett and Blevins2009 pp.537–543 propose an analogical origin through replacement and double marking, so these forms do not independently prove prehistoric phonetic transposition.	high for local source analysis; deeper root history not asserted	Homophonous vēpka stretch and d5522 cease are not merged merely from their surface identity.	d5519	Complete screen hit adjudicated for local velar/labial process; wider etymon comparison is limited unless separately present in casebook.
f_c7zutuml3qcuw	d3439	Kui	tepka	(&lt;tek-p-; tekt-) to have time for, overtake. DED(S) 2831	dedr	verbal-velar+labial-formative	tek-p-	tekt-	source-supported-verbal-input	D	The source explicitly supplies velar-before-labial morphological input; attested labial-before-velar supports a synchronic exchange analysis. Garrett and Blevins2009 pp.537–543 propose an analogical origin through replacement and double marking, so these forms do not independently prove prehistoric phonetic transposition.	high for local source analysis; deeper root history not asserted		d3439	Complete screen hit adjudicated for local velar/labial process; wider etymon comparison is limited unless separately present in casebook.
f_coyje55tr4sra	d3143	Kuwi	tapkali	to quiet	dedr	labial-stem+velar-formative	tap stop + k-ali		labial-stem-plus-velar-control	O	Independent labial base (panel-029 for heap, quiet and spit) supports original p-before-k, not an underlying velar-before-labial sequence. The interlace compound remains less fully segmented.	high for labial bases except interlace, medium for exact derivation		d3143	Complete screen hit adjudicated for local velar/labial process; wider etymon comparison is limited unless separately present in casebook.
f_czs3pdlrlsej4	d5141	Kui	mohori	pipe, bag-pipe, trumpet (said to be &lt; Or.)	dedr	not-established			english-or-metadata-match	ineligible	Screen matched English text (pumpkin, climbing, scoop, bag-pipe, etc.), not a relevant lexical velar–labial sequence.			d5141	Complete screen hit adjudicated for local velar/labial process; wider etymon comparison is limited unless separately present in casebook.
f_d46mmvltgn4ao	d3962	Kui	pṛāpka	(&lt;pṛāk-p-; pṛākt-) to split open, cut open, tear open	dedr	verbal-velar+labial-formative	pṛāk-p-	pṛākt-	source-supported-verbal-input	D	The source explicitly supplies velar-before-labial morphological input; attested labial-before-velar supports a synchronic exchange analysis. Garrett and Blevins2009 pp.537–543 propose an analogical origin through replacement and double marking, so these forms do not independently prove prehistoric phonetic transposition.	high for local source analysis; deeper root history not asserted		d3962	Complete screen hit adjudicated for local velar/labial process; wider etymon comparison is limited unless separately present in casebook.
f_db4jy7jyupb46	d4423	Kui	pebga	(&lt;peg-b-; pegd-)to collect, pick up, peck up, gather; peska (peski-)	dedr	verbal-velar+labial-formative	peg-b-		source-supported-verbal-input	D	The source explicitly supplies velar-before-labial morphological input; attested labial-before-velar supports a synchronic exchange analysis. Garrett and Blevins2009 pp.537–543 propose an analogical origin through replacement and double marking, so these forms do not independently prove prehistoric phonetic transposition.	high for local source analysis; deeper root history not asserted		d4423	Complete screen hit adjudicated for local velar/labial process; wider etymon comparison is limited unless separately present in casebook.
f_dh3te37yrt2fe	d1079	Pengo	kabga	id. (<i>intensive;</i> &lt; kag-ba-); kakohiŋ (<i>pl.</i>)vomit, what is vomited	dedr	verbal-velar+labial-formative	kag-ba-		source-supported-verbal-input	D	The source explicitly supplies velar-before-labial morphological input; attested labial-before-velar supports a synchronic exchange analysis. Garrett and Blevins2009 pp.537–543 propose an analogical origin through replacement and double marking, so these forms do not independently prove prehistoric phonetic transposition.	high for local source analysis; deeper root history not asserted		d1079	Complete screen hit adjudicated for local velar/labial process; wider etymon comparison is limited unless separately present in casebook.
f_dmvxrc66ml2gc	d2260	Kui	gripka	(&lt;grik-p; grikt-) to irritate the throat, as when something briny or pungent is eaten	dedr	verbal-velar+labial-formative	grik-p	grikt-	source-supported-verbal-input	D	The source explicitly supplies velar-before-labial morphological input; attested labial-before-velar supports a synchronic exchange analysis. Garrett and Blevins2009 pp.537–543 propose an analogical origin through replacement and double marking, so these forms do not independently prove prehistoric phonetic transposition.	high for local source analysis; deeper root history not asserted		d2260	Complete screen hit adjudicated for local velar/labial process; wider etymon comparison is limited unless separately present in casebook.
f_dprnsutprxa5k	d809	Pengo	ipka vā	id. (intensive; &lt; ik-pa-)	dedr	verbal-velar+labial-formative	ik-pa-		source-supported-verbal-input	D	The source explicitly supplies velar-before-labial morphological input; attested labial-before-velar supports a synchronic exchange analysis. Garrett and Blevins2009 pp.537–543 propose an analogical origin through replacement and double marking, so these forms do not independently prove prehistoric phonetic transposition.	high for local source analysis; deeper root history not asserted	ipka and ipka vā are simplex and compound uses of one intensive; one family.	d809	Complete screen hit adjudicated for local velar/labial process; wider etymon comparison is limited unless separately present in casebook.
f_ds72snylx7xny	d1080	Kui	kapka (&lt; kak-p-; kakt-)	to laugh, laugh at, ridicule; laughter, ridicule	dedr	verbal-velar+labial-formative	kak-p-	kakt-	source-supported-verbal-input	D	The source explicitly supplies velar-before-labial morphological input; attested labial-before-velar supports a synchronic exchange analysis. Garrett and Blevins2009 pp.537–543 propose an analogical origin through replacement and double marking, so these forms do not independently prove prehistoric phonetic transposition.	high for local source analysis; deeper root history not asserted		d1080	Complete screen hit adjudicated for local velar/labial process; wider etymon comparison is limited unless separately present in casebook.
f_dvee2apjwd5pk	d4678	Pengo	manḍi	cooking pot	dedr	not-established			english-or-metadata-match	ineligible	Screen matched English text (pumpkin, climbing, scoop, bag-pipe, etc.), not a relevant lexical velar–labial sequence.			d4678	Complete screen hit adjudicated for local velar/labial process; wider etymon comparison is limited unless separately present in casebook.
f_e5qvybvkyc5c4	d1851	Kui	kṛōpka (&lt; kṛōkp-; kṛōkt-)	to lower, reduce; reduction	dedr	verbal-velar+labial-formative	kṛōkp-	kṛōkt-	source-supported-verbal-input	D	The source explicitly supplies velar-before-labial morphological input; attested labial-before-velar supports a synchronic exchange analysis. Garrett and Blevins2009 pp.537–543 propose an analogical origin through replacement and double marking, so these forms do not independently prove prehistoric phonetic transposition.	high for local source analysis; deeper root history not asserted	kōpka and kṛōpka are related formations within one entry; do not count two independent roots.	d1851	Complete screen hit adjudicated for local velar/labial process; wider etymon comparison is limited unless separately present in casebook.
f_efkuicf2me4va	d2364	Kui	jrāmbu ( jrāpka)	id	dedr	nasal/labial-stem+plural-k	jrāmbu + plural-k		nominal-plural-control	O	Labial precedes the plural velar in the morphological input already; nasal loss and/or devoicing can yield p-k without k-p reversal. This is an independently different input class.	medium; precise plural allomorphy requires full paradigms		d2364	Complete screen hit adjudicated for local velar/labial process; wider etymon comparison is limited unless separately present in casebook.
f_ej6yqr6zxl3iy	d931	Kui	opka (&lt; ok-p-; okt-)	to remove in loads, cart; carting, cartage	dedr	verbal-velar+labial-formative	ok-p-	okt-	source-supported-verbal-input	D	The source explicitly supplies velar-before-labial morphological input; attested labial-before-velar supports a synchronic exchange analysis. Garrett and Blevins2009 pp.537–543 propose an analogical origin through replacement and double marking, so these forms do not independently prove prehistoric phonetic transposition.	high for local source analysis; deeper root history not asserted		d931	Complete screen hit adjudicated for local velar/labial process; wider etymon comparison is limited unless separately present in casebook.
f_ejxzdnny5tjf6	d2654	Kui	subga	(&lt;sug-b-; sugd-) id.; roasting	dedr	verbal-velar+labial-formative	sug-b-		source-supported-verbal-input	D	The source explicitly supplies velar-before-labial morphological input; attested labial-before-velar supports a synchronic exchange analysis. Garrett and Blevins2009 pp.537–543 propose an analogical origin through replacement and double marking, so these forms do not independently prove prehistoric phonetic transposition.	high for local source analysis; deeper root history not asserted		d2654	Complete screen hit adjudicated for local velar/labial process; wider etymon comparison is limited unless separately present in casebook.
f_eqez2oit4olfu	d4152	Kui	pṛupka	(&lt;pṛuk-p-; pṛukt-) to snap, break off, pluck	dedr	verbal-velar+labial-formative	pṛuk-p-	pṛukt-	source-supported-verbal-input	D	The source explicitly supplies velar-before-labial morphological input; attested labial-before-velar supports a synchronic exchange analysis. Garrett and Blevins2009 pp.537–543 propose an analogical origin through replacement and double marking, so these forms do not independently prove prehistoric phonetic transposition.	high for local source analysis; deeper root history not asserted	brupka and pṛupka are related pluck/break formations; one family, cluster voicing/place history separate.	d4152	Complete screen hit adjudicated for local velar/labial process; wider etymon comparison is limited unless separately present in casebook.
f_ertjifr7prkju	d3323	Kuwi	hūpki	to vomit	dedr	labial-stem+velar-formative	hūp spit + k-i/a		labial-stem-plus-velar-control	O	Independent labial base (panel-029 for heap, quiet and spit) supports original p-before-k, not an underlying velar-before-labial sequence. The interlace compound remains less fully segmented.	high for labial bases except interlace, medium for exact derivation		d3323	Complete screen hit adjudicated for local velar/labial process; wider etymon comparison is limited unless separately present in casebook.
f_evjbstf4h4l2a	d3665	Kui	nipka (&lt; nik-p-; nikt-)	to raise, cause to stand up	dedr	verbal-velar+labial-formative	nik-p-	nikt-	source-supported-verbal-input	D	The source explicitly supplies velar-before-labial morphological input; attested labial-before-velar supports a synchronic exchange analysis. Garrett and Blevins2009 pp.537–543 propose an analogical origin through replacement and double marking, so these forms do not independently prove prehistoric phonetic transposition.	high for local source analysis; deeper root history not asserted		d3665	Complete screen hit adjudicated for local velar/labial process; wider etymon comparison is limited unless separately present in casebook.
f_exaq32y35n4sq	d3514	Kui	tropka (&lt; trok-p-; trokt-)	to cause to roll, roll something over and over	dedr	verbal-velar+labial-formative	trok-p-	trokt-	source-supported-verbal-input	D	The source explicitly supplies velar-before-labial morphological input; attested labial-before-velar supports a synchronic exchange analysis. Garrett and Blevins2009 pp.537–543 propose an analogical origin through replacement and double marking, so these forms do not independently prove prehistoric phonetic transposition.	high for local source analysis; deeper root history not asserted		d3514	Complete screen hit adjudicated for local velar/labial process; wider etymon comparison is limited unless separately present in casebook.
f_fagiavp6euxmy	d859	Kui	ibga	(&lt;ig-b-; igd-) to throw down, let fall, drop; iska (iski-)	dedr	verbal-velar+labial-formative	ig-b-		source-supported-verbal-input	D	The source explicitly supplies velar-before-labial morphological input; attested labial-before-velar supports a synchronic exchange analysis. Garrett and Blevins2009 pp.537–543 propose an analogical origin through replacement and double marking, so these forms do not independently prove prehistoric phonetic transposition.	high for local source analysis; deeper root history not asserted		d859	Complete screen hit adjudicated for local velar/labial process; wider etymon comparison is limited unless separately present in casebook.
f_fctyqtw2rilfy	d4955	Kuwi	ṭuḍu mur'eni	back-bone. DED(S) 4058	dedr;Ḍ-Kuwi	not-established			english-or-metadata-match	ineligible	English gloss or bibliographic shorthand matched the broad screen; no relevant lexical sequence.			d4955	Complete screen hit adjudicated for local velar/labial process; wider etymon comparison is limited unless separately present in casebook.
f_ffthrj4v74uj4	d240	Kui	lāpka (&lt; lākp-; lākt-)	to change a person's character, cause a person to change for the worse	dedr	verbal-velar+labial-formative	lākp-	lākt-	source-supported-verbal-input	D	The source explicitly supplies velar-before-labial morphological input; attested labial-before-velar supports a synchronic exchange analysis. Garrett and Blevins2009 pp.537–543 propose an analogical origin through replacement and double marking, so these forms do not independently prove prehistoric phonetic transposition.	high for local source analysis; deeper root history not asserted		d240	Complete screen hit adjudicated for local velar/labial process; wider etymon comparison is limited unless separately present in casebook.
f_fg3hglufftxxc	d688	Kuwi	ṛuki	ploughing bullock, bullock	dedr;Isr-Kuwi	not-established			english-or-metadata-match	ineligible	English gloss or bibliographic shorthand matched the broad screen; no relevant lexical sequence.			d688	Complete screen hit adjudicated for local velar/labial process; wider etymon comparison is limited unless separately present in casebook.
f_fj4accsqwye66	d520	Kui	repka	(&lt;rek-p-; rekt-) to break into pieces	dedr	verbal-velar+labial-formative	rek-p-	rekt-	source-supported-verbal-input	D	The source explicitly supplies velar-before-labial morphological input; attested labial-before-velar supports a synchronic exchange analysis. Garrett and Blevins2009 pp.537–543 propose an analogical origin through replacement and double marking, so these forms do not independently prove prehistoric phonetic transposition.	high for local source analysis; deeper root history not asserted		d520	Complete screen hit adjudicated for local velar/labial process; wider etymon comparison is limited unless separately present in casebook.
f_forp7syckxzsa	d2800	Kui	sēpka (&lt; sek-p-; sēkt-)	to itch	dedr	verbal-velar+labial-formative	sek-p-	sēkt-	source-supported-verbal-input	D	The source explicitly supplies velar-before-labial morphological input; attested labial-before-velar supports a synchronic exchange analysis. Garrett and Blevins2009 pp.537–543 propose an analogical origin through replacement and double marking, so these forms do not independently prove prehistoric phonetic transposition.	high for local source analysis; deeper root history not asserted	Source prints sek-p- beside sēpka and sēkt-. Vowel-length mismatch is separate from local k-p reversal; exact vowel needs original vocabulary checking.	d2800	Complete screen hit adjudicated for local velar/labial process; wider etymon comparison is limited unless separately present in casebook.
f_ftfwofn4hon26	d5334	Kui	vāpka (&lt; vāk-p-; vākt-)	to cause to leak, pour out from a small opening, sow in drills; sowing in drills	dedr	verbal-velar+labial-formative	vāk-p-	vākt-	source-supported-verbal-input	D	The source explicitly supplies velar-before-labial morphological input; attested labial-before-velar supports a synchronic exchange analysis. Garrett and Blevins2009 pp.537–543 propose an analogical origin through replacement and double marking, so these forms do not independently prove prehistoric phonetic transposition.	high for local source analysis; deeper root history not asserted		d5334	Complete screen hit adjudicated for local velar/labial process; wider etymon comparison is limited unless separately present in casebook.
f_g25m63kvlg2s4	d4955	Kuwi	mur'esi pṛēnu	back-bone. DED(S) 4058	dedr	not-established			english-or-metadata-match	ineligible	English gloss or bibliographic shorthand matched the broad screen; no relevant lexical sequence.			d4955	Complete screen hit adjudicated for local velar/labial process; wider etymon comparison is limited unless separately present in casebook.
f_g4fwvnxfj45iw	d3482	Kui	tubga (&lt; tug-b-; tugd-)	to fasten a necklace; act of fastening	dedr	verbal-velar+labial-formative	tug-b-		source-supported-verbal-input	D	The source explicitly supplies velar-before-labial morphological input; attested labial-before-velar supports a synchronic exchange analysis. Garrett and Blevins2009 pp.537–543 propose an analogical origin through replacement and double marking, so these forms do not independently prove prehistoric phonetic transposition.	high for local source analysis; deeper root history not asserted		d3482	Complete screen hit adjudicated for local velar/labial process; wider etymon comparison is limited unless separately present in casebook.
f_gmpcz42sj4bps	d3246	Kui	tija (tiji-)	to turn back, return, retreat; act of turning back, etc	dedr	not-established			english-or-metadata-match	ineligible	Screen matched English text (pumpkin, climbing, scoop, bag-pipe, etc.), not a relevant lexical velar–labial sequence.			d3246	Complete screen hit adjudicated for local velar/labial process; wider etymon comparison is limited unless separately present in casebook.
f_gvalmquq3u7hu	d1817	Kui	glōpka	(&lt;glōk-p-; glōkt-) to make muddy or turbid, adulterate, use bad language against; act of making turbid, adulteration	dedr	verbal-velar+labial-formative	glōk-p-	glōkt-	source-supported-verbal-input	D	The source explicitly supplies velar-before-labial morphological input; attested labial-before-velar supports a synchronic exchange analysis. Garrett and Blevins2009 pp.537–543 propose an analogical origin through replacement and double marking, so these forms do not independently prove prehistoric phonetic transposition.	high for local source analysis; deeper root history not asserted		d1817	Complete screen hit adjudicated for local velar/labial process; wider etymon comparison is limited unless separately present in casebook.
f_gyfe5ok66oej4	d1192	Kuwi	gadde	a bamboo receptacle for storing paddy	dedr;F-Kuwi	not-established			english-or-metadata-match	ineligible	English gloss or bibliographic shorthand matched the broad screen; no relevant lexical sequence.			d1192	Complete screen hit adjudicated for local velar/labial process; wider etymon comparison is limited unless separately present in casebook.
f_h3cx6pl6dhtqc	d3323	Kuwi	hūpka	vomit, spittle	dedr	labial-stem+velar-formative	hūp spit + k-i/a		labial-stem-plus-velar-control	O	Independent labial base (panel-029 for heap, quiet and spit) supports original p-before-k, not an underlying velar-before-labial sequence. The interlace compound remains less fully segmented.	high for labial bases except interlace, medium for exact derivation		d3323	Complete screen hit adjudicated for local velar/labial process; wider etymon comparison is limited unless separately present in casebook.
f_h6llshcx7cdda	d2881	Kui	sōmbu ( sōpka)	a species of tuberous plant somewhat like a yam or cassava	dedr	nasal/labial-stem+plural-k	sōmbu + plural-k		nominal-plural-control	O	Labial precedes the plural velar in the morphological input already; nasal loss and/or devoicing can yield p-k without k-p reversal. This is an independently different input class.	medium; precise plural allomorphy requires full paradigms		d2881	Complete screen hit adjudicated for local velar/labial process; wider etymon comparison is limited unless separately present in casebook.
f_hctegq7pigchg	d2557	Kui	sripka	(&lt;srik-p-; srikt-) to loosen, untie, unbind, free, release	dedr	verbal-velar+labial-formative	srik-p-	srikt-	source-supported-verbal-input	D	The source explicitly supplies velar-before-labial morphological input; attested labial-before-velar supports a synchronic exchange analysis. Garrett and Blevins2009 pp.537–543 propose an analogical origin through replacement and double marking, so these forms do not independently prove prehistoric phonetic transposition.	high for local source analysis; deeper root history not asserted		d2557	Complete screen hit adjudicated for local velar/labial process; wider etymon comparison is limited unless separately present in casebook.
f_hes2ed54z3pj6	d3499	Kui	ḍōnḍi	pumpkin	dedr	not-established			english-or-metadata-match	ineligible	Screen matched English text (pumpkin, climbing, scoop, bag-pipe, etc.), not a relevant lexical velar–labial sequence.			d3499	Complete screen hit adjudicated for local velar/labial process; wider etymon comparison is limited unless separately present in casebook.
f_hfquv2hdpumui	d3808	Kui	papka	(&lt;pak-p-; pakt-) to split , crack, divide, break up the earth at a first ploughing; act of splitting, cleavage	dedr	verbal-velar+labial-formative	pak-p-	pakt-	source-supported-verbal-input	D	The source explicitly supplies velar-before-labial morphological input; attested labial-before-velar supports a synchronic exchange analysis. Garrett and Blevins2009 pp.537–543 propose an analogical origin through replacement and double marking, so these forms do not independently prove prehistoric phonetic transposition.	high for local source analysis; deeper root history not asserted		d3808	Complete screen hit adjudicated for local velar/labial process; wider etymon comparison is limited unless separately present in casebook.
f_hkbi2vxi6hfw4	d710	Kui	ubga (&lt; ug-b-; ugd-)	to agree with, suit, fit, fulfil. DED(S) 608	dedr	verbal-velar+labial-formative	ug-b-		source-supported-verbal-input	D	The source explicitly supplies velar-before-labial morphological input; attested labial-before-velar supports a synchronic exchange analysis. Garrett and Blevins2009 pp.537–543 propose an analogical origin through replacement and double marking, so these forms do not independently prove prehistoric phonetic transposition.	high for local source analysis; deeper root history not asserted		d710	Complete screen hit adjudicated for local velar/labial process; wider etymon comparison is limited unless separately present in casebook.
f_htpsvjf6iscgg	d4152	Kui	brupka	(&lt;bruk-p-; brukt-) to pluck, pluck out, pull out	dedr	verbal-velar+labial-formative	bruk-p-	brukt-	source-supported-verbal-input	D	The source explicitly supplies velar-before-labial morphological input; attested labial-before-velar supports a synchronic exchange analysis. Garrett and Blevins2009 pp.537–543 propose an analogical origin through replacement and double marking, so these forms do not independently prove prehistoric phonetic transposition.	high for local source analysis; deeper root history not asserted	brupka and pṛupka are related pluck/break formations; one family, cluster voicing/place history separate.	d4152	Complete screen hit adjudicated for local velar/labial process; wider etymon comparison is limited unless separately present in casebook.
f_i4oxp3x7orv7k	d4235	Kui	põpka	(&lt;pōk-p-; pōkt-) to make known, proclaim, preach; proclamation	dedr	verbal-velar+labial-formative	pōk-p-	pōkt-	source-supported-verbal-input	D	The source explicitly supplies velar-before-labial morphological input; attested labial-before-velar supports a synchronic exchange analysis. Garrett and Blevins2009 pp.537–543 propose an analogical origin through replacement and double marking, so these forms do not independently prove prehistoric phonetic transposition.	high for local source analysis; deeper root history not asserted	Surface põpka versus source pōk-p- includes a nasal/diacritic difference. Local velar-labial order is still explicit; quantity/nasal spelling needs source checking.	d4235	Complete screen hit adjudicated for local velar/labial process; wider etymon comparison is limited unless separately present in casebook.
f_icbkubpzwktmm	d4250	Kui	puḍra	a kind of pumpkin	dedr	not-established			english-or-metadata-match	ineligible	Screen matched English text (pumpkin, climbing, scoop, bag-pipe, etc.), not a relevant lexical velar–labial sequence.			d4250	Complete screen hit adjudicated for local velar/labial process; wider etymon comparison is limited unless separately present in casebook.
f_idpodt7nvllg4	d1851	Kui	kōpka (&lt; kōk-p-; kōkt-)	to make less, decrease, diminish, reduce; reduction	dedr	verbal-velar+labial-formative	kōk-p-	kōkt-	source-supported-verbal-input	D	The source explicitly supplies velar-before-labial morphological input; attested labial-before-velar supports a synchronic exchange analysis. Garrett and Blevins2009 pp.537–543 propose an analogical origin through replacement and double marking, so these forms do not independently prove prehistoric phonetic transposition.	high for local source analysis; deeper root history not asserted	kōpka and kṛōpka are related formations within one entry; do not count two independent roots.	d1851	Complete screen hit adjudicated for local velar/labial process; wider etymon comparison is limited unless separately present in casebook.
f_iqs44o4csqkzm	d4976	Kuwi	marcu	rope attaching bullock to plough. DED(S, N) 4079	dedr;Ṭ-Kuwi	not-established			english-or-metadata-match	ineligible	English gloss or bibliographic shorthand matched the broad screen; no relevant lexical sequence.			d4976	Complete screen hit adjudicated for local velar/labial process; wider etymon comparison is limited unless separately present in casebook.
f_iski53l7zilry	d809	Pengo	ipka	id. (intensive; &lt; ik-pa-)	dedr	verbal-velar+labial-formative	ik-pa-		source-supported-verbal-input	D	The source explicitly supplies velar-before-labial morphological input; attested labial-before-velar supports a synchronic exchange analysis. Garrett and Blevins2009 pp.537–543 propose an analogical origin through replacement and double marking, so these forms do not independently prove prehistoric phonetic transposition.	high for local source analysis; deeper root history not asserted	ipka and ipka vā are simplex and compound uses of one intensive; one family.	d809	Complete screen hit adjudicated for local velar/labial process; wider etymon comparison is limited unless separately present in casebook.
f_izemgh4kdtu3a	d3323	Kuwi	hūpki	vomiting	dedr	labial-stem+velar-formative	hūp spit + k-i/a		labial-stem-plus-velar-control	O	Independent labial base (panel-029 for heap, quiet and spit) supports original p-before-k, not an underlying velar-before-labial sequence. The interlace compound remains less fully segmented.	high for labial bases except interlace, medium for exact derivation		d3323	Complete screen hit adjudicated for local velar/labial process; wider etymon comparison is limited unless separately present in casebook.
f_jnn6imecxkwim	d5190	Pengo	lup gaṭ	part of the forest where the beaters are stationed	dedr	not-established	lup#gaṭ		word-boundary-control	R	p followed by g across a word boundary is already labial–velar; no velar–labial input or metathesis.			d5190	Complete screen hit adjudicated for local velar/labial process; wider etymon comparison is limited unless separately present in casebook.
f_jpuhwhr57dp4e	d178	Kui	āmbu ( āpka)	id., arrowhead	dedr	nasal/labial-stem+plural-k	āmbu/am + plural-k		nominal-plural-control	O	Labial precedes the plural velar in the morphological input already; nasal loss and/or devoicing can yield p-k without k-p reversal. This is an independently different input class.	medium; precise plural allomorphy requires full paradigms		d178	Complete screen hit adjudicated for local velar/labial process; wider etymon comparison is limited unless separately present in casebook.
f_ju2ynpaa7czsc	d4587	Kuwi	pōdi pōti	small children, young boys and girls	dedr	not-established			english-or-metadata-match	ineligible	English gloss or bibliographic shorthand matched the broad screen; no relevant lexical sequence.			d4587	Complete screen hit adjudicated for local velar/labial process; wider etymon comparison is limited unless separately present in casebook.
f_k2ug7y2wn3adk	d1967	Kui	grehpa (greht-)	to warm, warm by the fire, broil, foment; act of warming by the fire, fomentation	dedr	not-established			english-or-metadata-match	ineligible	Screen matched English text (pumpkin, climbing, scoop, bag-pipe, etc.), not a relevant lexical velar–labial sequence.			d1967	Complete screen hit adjudicated for local velar/labial process; wider etymon comparison is limited unless separately present in casebook.
f_k4p5qwidbxz7i	d502	Kui	dīpka (dīpki-)	to set down, put a pot on the fire (d&lt;-&gt; <i>Voc., Gramm.</i>140;ḍ- <i>Gramm.</i>187)	dedr	not-established			input-unresolved	A	Set-down dīpka past dīpki- is not a source-derived dīk-p- paradigm; initial apical history belongs to separate case analysis.			d502	Complete screen hit adjudicated for local velar/labial process; wider etymon comparison is limited unless separately present in casebook.
f_khj6ijwl32xmo	d4993	Kuwi	mūnjali	to sink partly	dedr	not-established			english-or-metadata-match	ineligible	English gloss or bibliographic shorthand matched the broad screen; no relevant lexical sequence.			d4993	Complete screen hit adjudicated for local velar/labial process; wider etymon comparison is limited unless separately present in casebook.
f_kksn7nck2rqt6	d4955	Kuwi	mūressi	back-bone. DED(S) 4058	dedr;F-Kuwi	not-established			english-or-metadata-match	ineligible	English gloss or bibliographic shorthand matched the broad screen; no relevant lexical sequence.			d4955	Complete screen hit adjudicated for local velar/labial process; wider etymon comparison is limited unless separately present in casebook.
f_l2gtjfhvbcotg	d1224	Kuwi	po·ke	id. (Probably*kVppokk. . .&gt;*kpōk... &gt;pōke; cf. Ko. and Konḍa.) DED(S, N) 1027	dedr	not-established	*kVppokk > *kpōk > pōke [source proposal]		different-noninitial-contraction	A	The screen matched a proposed word-initial k-p cluster formed by vowel deletion, not a verbal velar+labial suffix. Subsequent k loss is a separate historical proposal.			d1224	Complete screen hit adjudicated for local velar/labial process; wider etymon comparison is limited unless separately present in casebook.
f_lfkwmepqr5lb6	d3323	Kuwi	hūpki aiyali	to vomit	dedr	labial-stem+velar-formative	hūp spit + k-i/a		labial-stem-plus-velar-control	O	Independent labial base (panel-029 for heap, quiet and spit) supports original p-before-k, not an underlying velar-before-labial sequence. The interlace compound remains less fully segmented.	high for labial bases except interlace, medium for exact derivation		d3323	Complete screen hit adjudicated for local velar/labial process; wider etymon comparison is limited unless separately present in casebook.
f_llwexcpoazhge	d2872	Pengo	hōbga	to wash, rub, rub on (oil)	dedr	not-established			input-unresolved	A	Database record alone supplies no full stem. Garrett and Blevins2009 p.538 independently supplies hōk-ba > hōbga wash clothes; counted in the separate source-paradigm audit, not silently upgraded to a database-internal derivation.			d2872	Complete screen hit adjudicated for local velar/labial process; wider etymon comparison is limited unless separately present in casebook.
f_lpx34es6dcfyg	d178	Manda	amb ( apke)	id	dedr	nominal-stem+plural-k	amb + plural-k		nominal-plural-control	O	This is a noun plural formation; the record supplies no velar-before-labial input. Nasal/labial alternation or plural allomorphy is separate from verbal k-p reversal.	medium; exact nominal allomorphy partly unresolved		d178	Complete screen hit adjudicated for local velar/labial process; wider etymon comparison is limited unless separately present in casebook.
f_ltg46ziaghap6	d2180	Kui	gōpka	(&lt;gōk-p-; gōkt-) to stretch forth, stretch the neck in order to observe something, crane the head out, put forth the ear (corn)	dedr	verbal-velar+labial-formative	gōk-p-	gōkt-	source-supported-verbal-input	D	The source explicitly supplies velar-before-labial morphological input; attested labial-before-velar supports a synchronic exchange analysis. Garrett and Blevins2009 pp.537–543 propose an analogical origin through replacement and double marking, so these forms do not independently prove prehistoric phonetic transposition.	high for local source analysis; deeper root history not asserted		d2180	Complete screen hit adjudicated for local velar/labial process; wider etymon comparison is limited unless separately present in casebook.
f_m7xll75wz7coy	d5432	Kui	vlēpka (&lt; vlēk-p-; vlēkt-)	to cause to expand, stretch, widen out	dedr	verbal-velar+labial-formative	vlēk-p-	vlēkt-	source-supported-verbal-input	D	The source explicitly supplies velar-before-labial morphological input; attested labial-before-velar supports a synchronic exchange analysis. Garrett and Blevins2009 pp.537–543 propose an analogical origin through replacement and double marking, so these forms do not independently prove prehistoric phonetic transposition.	high for local source analysis; deeper root history not asserted		d5432	Complete screen hit adjudicated for local velar/labial process; wider etymon comparison is limited unless separately present in casebook.
f_manikmv6wdwyo	d1957	Kui	giva (git-)	to do, make, perform, cause; action, performance; gipka (gip ki-)	dedr	vowel-stem+p+ki	gī + p + ki		vowel-stem-plus-complex-pk-control	O	Winfield1928 p.73 directly supplies gīva:gīpki do and explains p strengthening before ki. The lexical gipka form differs in written quantity, but no velar-before-labial input is established.	high for independent vowel-final stem; medium for exact historical morphology		d1957	Complete screen hit adjudicated for local velar/labial process; wider etymon comparison is limited unless separately present in casebook.
f_mkjsnqeyhyxs6	d3783	Kui	nobga	(&lt;nog-b-; nogd-) id.; act of washing	dedr	verbal-velar+labial-formative	nog-b-		source-supported-verbal-input	D	The source explicitly supplies velar-before-labial morphological input; attested labial-before-velar supports a synchronic exchange analysis. Garrett and Blevins2009 pp.537–543 propose an analogical origin through replacement and double marking, so these forms do not independently prove prehistoric phonetic transposition.	high for local source analysis; deeper root history not asserted		d3783	Complete screen hit adjudicated for local velar/labial process; wider etymon comparison is limited unless separately present in casebook.
f_mlvvdits4qrow	d178	Kuwi	ambū ( apka)	arrowhead	dedr;F-Kuwi	nominal-stem+plural-k	amb + plural-k		nominal-plural-control	O	This is a noun plural formation; the record supplies no velar-before-labial input. Nasal/labial alternation or plural allomorphy is separate from verbal k-p reversal.	medium; exact nominal allomorphy partly unresolved		d178	Complete screen hit adjudicated for local velar/labial process; wider etymon comparison is limited unless separately present in casebook.
f_mokpx7pejfih4	d4008	Kui	plapka (&lt; plak-p-; plakt-)	to cover with something. DEDS 638	dedr	verbal-velar+labial-formative	plak-p-	plakt-	source-supported-verbal-input	D	The source explicitly supplies velar-before-labial morphological input; attested labial-before-velar supports a synchronic exchange analysis. Garrett and Blevins2009 pp.537–543 propose an analogical origin through replacement and double marking, so these forms do not independently prove prehistoric phonetic transposition.	high for local source analysis; deeper root history not asserted		d4008	Complete screen hit adjudicated for local velar/labial process; wider etymon comparison is limited unless separately present in casebook.
f_n533xrqrsxqsa	d325	Kui	ag-b	to be seemly, be proper, be fitting, be suitable, suit, fit, agree, fulfil, suitability. DEDS 44	dedr	not-established	ag-b-		editorial-input-fragment	not-an-attestation	Source derivational analysis, not a retained-order lexical counterexample.		Parser splits abga (<) and explanatory ag-b into separate records. Only abga is the attested lexeme; ag-b is a supplied pre-reordering analysis.	d325	Complete screen hit adjudicated for local velar/labial process; wider etymon comparison is limited unless separately present in casebook.
f_nejhxq2rpazpw	d3430	Kui	tlēpka	(&lt;tlēk-p-; tlēkt-) to put out the tongue, thrust forth from a cavity	dedr	verbal-velar+labial-formative	tlēk-p-	tlēkt-	source-supported-verbal-input	D	The source explicitly supplies velar-before-labial morphological input; attested labial-before-velar supports a synchronic exchange analysis. Garrett and Blevins2009 pp.537–543 propose an analogical origin through replacement and double marking, so these forms do not independently prove prehistoric phonetic transposition.	high for local source analysis; deeper root history not asserted		d3430	Complete screen hit adjudicated for local velar/labial process; wider etymon comparison is limited unless separately present in casebook.
f_nijiujr5drqzi	d2800	Kuwi	hēpk	to itch. DEDS 442	dedr;Ḍ-Kuwi	not-established			input-unresolved	A	A velar-labial analysis is possible, but the exact local full stem and labial formative are not independently both supplied. For nabgali, southern namukku includes a nasal absent in the output; for hēpk, related Kui sēpka is suggestive but not a Kuvi paradigm.		Source prints sek-p- beside sēpka and sēkt-. Vowel-length mismatch is separate from local k-p reversal; exact vowel needs original vocabulary checking.	d2800	Complete screen hit adjudicated for local velar/labial process; wider etymon comparison is limited unless separately present in casebook.
f_nkzumj4yvchew	d4470	Kui	popka (&lt; pok-p-; pokt-)	to spill, scatter	dedr	verbal-velar+labial-formative	pok-p-	pokt-	source-supported-verbal-input	D	The source explicitly supplies velar-before-labial morphological input; attested labial-before-velar supports a synchronic exchange analysis. Garrett and Blevins2009 pp.537–543 propose an analogical origin through replacement and double marking, so these forms do not independently prove prehistoric phonetic transposition.	high for local source analysis; deeper root history not asserted		d4470	Complete screen hit adjudicated for local velar/labial process; wider etymon comparison is limited unless separately present in casebook.
f_ns7d6ejltzbu6	d4891	Kui	mūpka (&lt; mūkp-; mūkt-)	to complete, finish, accomplish	dedr	verbal-velar+labial-formative	mūkp-	mūkt-	source-supported-verbal-input	D	The source explicitly supplies velar-before-labial morphological input; attested labial-before-velar supports a synchronic exchange analysis. Garrett and Blevins2009 pp.537–543 propose an analogical origin through replacement and double marking, so these forms do not independently prove prehistoric phonetic transposition.	high for local source analysis; deeper root history not asserted		d4891	Complete screen hit adjudicated for local velar/labial process; wider etymon comparison is limited unless separately present in casebook.
f_nu2ennfwvx5fi	d1826	Kui	kṛumba (kṛumbi-)	to sink beneath, dive, plunge into; diving	dedr	not-established			english-or-metadata-match	ineligible	Screen matched English text (pumpkin, climbing, scoop, bag-pipe, etc.), not a relevant lexical velar–labial sequence.			d1826	Complete screen hit adjudicated for local velar/labial process; wider etymon comparison is limited unless separately present in casebook.
f_nvvqhbqbi3exk	d3322	Kuwi	dupa	small thick bushes	dedr;Isr-Kuwi	not-established			english-or-metadata-match	ineligible	English gloss or bibliographic shorthand matched the broad screen; no relevant lexical sequence.			d3322	Complete screen hit adjudicated for local velar/labial process; wider etymon comparison is limited unless separately present in casebook.
f_nwtr7qwnhvbia	d3451	Kui	tēpka	(&lt;tēk-p-; tēkt-) to vomit; vomiting	dedr	verbal-velar+labial-formative	tēk-p-	tēkt-	source-supported-verbal-input	D	The source explicitly supplies velar-before-labial morphological input; attested labial-before-velar supports a synchronic exchange analysis. Garrett and Blevins2009 pp.537–543 propose an analogical origin through replacement and double marking, so these forms do not independently prove prehistoric phonetic transposition.	high for local source analysis; deeper root history not asserted		d3451	Complete screen hit adjudicated for local velar/labial process; wider etymon comparison is limited unless separately present in casebook.
f_odg4kc4xbuvsu	d4761	Kui	mabga (&lt; mag-b-; magd-)	to grovel, wallow, roll on the ground, roll upon, overlay	dedr	verbal-velar+labial-formative	mag-b-		source-supported-verbal-input	D	The source explicitly supplies velar-before-labial morphological input; attested labial-before-velar supports a synchronic exchange analysis. Garrett and Blevins2009 pp.537–543 propose an analogical origin through replacement and double marking, so these forms do not independently prove prehistoric phonetic transposition.	high for local source analysis; deeper root history not asserted		d4761	Complete screen hit adjudicated for local velar/labial process; wider etymon comparison is limited unless separately present in casebook.
f_oiicp75wqj5dw	d178	Pengo	am ( apku)	id	dedr	nasal/labial-stem+plural-k	āmbu/am + plural-k		nominal-plural-control	O	Labial precedes the plural velar in the morphological input already; nasal loss and/or devoicing can yield p-k without k-p reversal. This is an independently different input class.	medium; precise plural allomorphy requires full paradigms		d178	Complete screen hit adjudicated for local velar/labial process; wider etymon comparison is limited unless separately present in casebook.
f_olnyja7rvv3gy	d874	Kui	ēpka (&lt; ēk-p-; ēkt-)	to open, open up, prize open	dedr	verbal-velar+labial-formative	ēk-p-	ēkt-	source-supported-verbal-input	D	The source explicitly supplies velar-before-labial morphological input; attested labial-before-velar supports a synchronic exchange analysis. Garrett and Blevins2009 pp.537–543 propose an analogical origin through replacement and double marking, so these forms do not independently prove prehistoric phonetic transposition.	high for local source analysis; deeper root history not asserted		d874	Complete screen hit adjudicated for local velar/labial process; wider etymon comparison is limited unless separately present in casebook.
f_oz6lgv2vlwk5i	d3032	Kuwi	dṛa'li	(dṛapka) rag	dedr;F-Kuwi	nominal-stem+plural-k	dṛa / dṛap? + plural-k		nominal-plural-control	O	This is a noun plural formation; the record supplies no velar-before-labial input. Nasal/labial alternation or plural allomorphy is separate from verbal k-p reversal.	medium; exact nominal allomorphy partly unresolved		d3032	Complete screen hit adjudicated for local velar/labial process; wider etymon comparison is limited unless separately present in casebook.
f_pgdkmnvvukipi	d5025	Kuwi	silik muya	dancing-bell	dedr	not-established			english-or-metadata-match	ineligible	English gloss or bibliographic shorthand matched the broad screen; no relevant lexical sequence.			d5025	Complete screen hit adjudicated for local velar/labial process; wider etymon comparison is limited unless separately present in casebook.
f_pi7fibzwji2wm	d2969	Kuwi	ḍonḍoˀ oṛi	big black ant	dedr;Isr-Kuwi	not-established			english-or-metadata-match	ineligible	English gloss or bibliographic shorthand matched the broad screen; no relevant lexical sequence.			d2969	Complete screen hit adjudicated for local velar/labial process; wider etymon comparison is limited unless separately present in casebook.
f_pis6b46fcgn2g	d1731	Manda	kupki	to fill	dedr	labial-stem+velar-formative	kup(p) heap + k-i		labial-stem-plus-velar-control	O	Independent labial base (panel-029 for heap, quiet and spit) supports original p-before-k, not an underlying velar-before-labial sequence. The interlace compound remains less fully segmented.	high for labial bases except interlace, medium for exact derivation		d1731	Complete screen hit adjudicated for local velar/labial process; wider etymon comparison is limited unless separately present in casebook.
f_pjozm4xuvtthk	d757	Kui	ūpka	(&lt;ūk-p-; ūkt-) to strip off, skin; skinning	dedr	verbal-velar+labial-formative	ūk-p-	ūkt-	source-supported-verbal-input	D	The source explicitly supplies velar-before-labial morphological input; attested labial-before-velar supports a synchronic exchange analysis. Garrett and Blevins2009 pp.537–543 propose an analogical origin through replacement and double marking, so these forms do not independently prove prehistoric phonetic transposition.	high for local source analysis; deeper root history not asserted		d757	Complete screen hit adjudicated for local velar/labial process; wider etymon comparison is limited unless separately present in casebook.
f_pnjkptxd6duhy	d153	Pengo	apka	id	dedr	not-established			input-unresolved	A	Only apka may involve particle combination; full morphological input not established.			d153	Complete screen hit adjudicated for local velar/labial process; wider etymon comparison is limited unless separately present in casebook.
f_qe72b6bw7tqao	d5481	Kui	vṛēppa (vṛēpt-)	to cause to return, turn back , pay back, return something borrowed or pledged; turning something back, repayment, return	dedr	not-established			english-or-metadata-match	ineligible	Screen matched English text (pumpkin, climbing, scoop, bag-pipe, etc.), not a relevant lexical velar–labial sequence.			d5481	Complete screen hit adjudicated for local velar/labial process; wider etymon comparison is limited unless separately present in casebook.
f_qgvjdtv2ttoyg	d3253	Pengo	tripka- (&lt; trik-pa-)	to be startled	dedr	verbal-velar+labial-formative	trik-pa-		source-supported-verbal-input	D	The source explicitly supplies velar-before-labial morphological input; attested labial-before-velar supports a synchronic exchange analysis. Garrett and Blevins2009 pp.537–543 propose an analogical origin through replacement and double marking, so these forms do not independently prove prehistoric phonetic transposition.	high for local source analysis; deeper root history not asserted		d3253	Complete screen hit adjudicated for local velar/labial process; wider etymon comparison is limited unless separately present in casebook.
f_qhot7vlbdc3mu	d5002	Kui	mlūpka	(&lt;mlūk-p-; mlūkt-) to cover	dedr	verbal-velar+labial-formative	mlūk-p-	mlūkt-	source-supported-verbal-input	D	The source explicitly supplies velar-before-labial morphological input; attested labial-before-velar supports a synchronic exchange analysis. Garrett and Blevins2009 pp.537–543 propose an analogical origin through replacement and double marking, so these forms do not independently prove prehistoric phonetic transposition.	high for local source analysis; deeper root history not asserted		d5002	Complete screen hit adjudicated for local velar/labial process; wider etymon comparison is limited unless separately present in casebook.
f_qjdj2voohgwei	d3570	Manda	nēbga	id	dedr	verbal-velar+labial-formative	nēk + intensive-ba		comparatively-supported-verbal-input	D	Independent local full stem in panel-029 supports a final velar. Labial derivation and voicing assimilation yield the observed p-k/b-g order; purely phonetic origin versus analogical history remains unresolved.	medium-high for local morphological ordering		d3570	Complete screen hit adjudicated for local velar/labial process; wider etymon comparison is limited unless separately present in casebook.
f_qoztnu46jjrho	d1080	Kuwi	kakpinai	to joke	dedr;S-Kuwi	verbal-velar+labial-formative	kak + pi-nai		possible-retained-counterexample	R?	DEDR explicitly records Schulze1913 kakpinai joke beside kak laugh. This retains k-p, whereas Hume2002 p.38 ex.39 reports Israel1979 kap-ki a- laugh at each other. Different sources and grammatical formations must be preserved; lexicalization, dialect variation and transcription error compete. Schulze1913 page not obtained, so do not either erase the counterexample or treat it as secure falsification.	high for database spelling; lower for original transcription and exact suffix		d1080	Complete screen hit adjudicated for local velar/labial process; wider etymon comparison is limited unless separately present in casebook.
f_qu7uboe3kue5i	d3359	Kui	tlāpka (&lt; tlāk-p-; tlākt-)	to be rocked to and fro, pitch, sway, be tossed violently backwards and forwards and up and down	dedr	verbal-velar+labial-formative	tlāk-p-	tlākt-	source-supported-verbal-input	D	The source explicitly supplies velar-before-labial morphological input; attested labial-before-velar supports a synchronic exchange analysis. Garrett and Blevins2009 pp.537–543 propose an analogical origin through replacement and double marking, so these forms do not independently prove prehistoric phonetic transposition.	high for local source analysis; deeper root history not asserted		d3359	Complete screen hit adjudicated for local velar/labial process; wider etymon comparison is limited unless separately present in casebook.
f_qwsgre2k35ii2	d5411	Kui	vripka (&lt; vrik-p-; vrikt-)	to pull to pieces, untie, loosen, disperse; dismantling, unfastening, dismissing	dedr	verbal-velar+labial-formative	vrik-p-	vrikt-	source-supported-verbal-input	D	The source explicitly supplies velar-before-labial morphological input; attested labial-before-velar supports a synchronic exchange analysis. Garrett and Blevins2009 pp.537–543 propose an analogical origin through replacement and double marking, so these forms do not independently prove prehistoric phonetic transposition.	high for local source analysis; deeper root history not asserted		d5411	Complete screen hit adjudicated for local velar/labial process; wider etymon comparison is limited unless separately present in casebook.
f_r5nhjtehubhv4	d2468	Kuwi	hāpu ( hāpka)	id. DED(S) 2035	dedr	nominal-stem+plural-k	hāp + plural-k		nominal-plural-control	O	This is a noun plural formation; the record supplies no velar-before-labial input. Nasal/labial alternation or plural allomorphy is separate from verbal k-p reversal.	medium; exact nominal allomorphy partly unresolved		d2468	Complete screen hit adjudicated for local velar/labial process; wider etymon comparison is limited unless separately present in casebook.
f_rwufvsvfhvi4i	d4975	Kui	mrunga vīpka	to break away from a torn part	dedr	not-established			input-unresolved	A	Compound vīpka is not independently supplied with a velar stem in this record; do not transfer mruk-p- from neighboring mrupka.			d4975	Complete screen hit adjudicated for local velar/labial process; wider etymon comparison is limited unless separately present in casebook.
f_sd7olgoxg7rjw	d2585	Kui	slipka	(&lt;slik-p-; slikt-)to loose, untie, pluck off	dedr	verbal-velar+labial-formative	slik-p-	slikt-	source-supported-verbal-input	D	The source explicitly supplies velar-before-labial morphological input; attested labial-before-velar supports a synchronic exchange analysis. Garrett and Blevins2009 pp.537–543 propose an analogical origin through replacement and double marking, so these forms do not independently prove prehistoric phonetic transposition.	high for local source analysis; deeper root history not asserted		d2585	Complete screen hit adjudicated for local velar/labial process; wider etymon comparison is limited unless separately present in casebook.
f_smrich2yxtabe	d153	Pengo	apka	only. Kuwi	dedr	not-established			input-unresolved	A	Only apka may involve particle combination; full morphological input not established.			d153	Complete screen hit adjudicated for local velar/labial process; wider etymon comparison is limited unless separately present in casebook.
f_sw2cr3tc2oi7w	d4414	Kui	prepka	(&lt;prek-p-; prekt-)to crack, cleave	dedr	verbal-velar+labial-formative	prek-p-	prekt-	source-supported-verbal-input	D	The source explicitly supplies velar-before-labial morphological input; attested labial-before-velar supports a synchronic exchange analysis. Garrett and Blevins2009 pp.537–543 propose an analogical origin through replacement and double marking, so these forms do not independently prove prehistoric phonetic transposition.	high for local source analysis; deeper root history not asserted		d4414	Complete screen hit adjudicated for local velar/labial process; wider etymon comparison is limited unless separately present in casebook.
f_t2kjdhlradz3m	d5522	Kui	vēpka (&lt; vēk-p-; vēkt-)	to cease (rain); cessation of rain. DED 4543	dedr	verbal-velar+labial-formative	vēk-p-	vēkt-	source-supported-verbal-input	D	The source explicitly supplies velar-before-labial morphological input; attested labial-before-velar supports a synchronic exchange analysis. Garrett and Blevins2009 pp.537–543 propose an analogical origin through replacement and double marking, so these forms do not independently prove prehistoric phonetic transposition.	high for local source analysis; deeper root history not asserted	Homophonous with d5519 stretch, but no independent semantic/derivational connection established.	d5522	Complete screen hit adjudicated for local velar/labial process; wider etymon comparison is limited unless separately present in casebook.
f_t56nhs4rv3tho	d2024	Kui	kīpka (kīpki-)	DED(S) 1684	dedr	vowel-stem+p+ki	kī + p + k		vowel-stem-plus-complex-pk-control	O	DEDR2024 supplies kīva put on clothes beside plural kīpka:kīpki. A vowel base plus complex p-k formation fits the independently recorded third-conjugation pattern. This is not the homophonous pour verb in Winfield p.73, and not evidence for kī-k-p.	high for independent vowel-final stem; medium for exact historical morphology		d2024	Complete screen hit adjudicated for local velar/labial process; wider etymon comparison is limited unless separately present in casebook.
f_t7ubeua3g2o3y	d2136	Kui	klōpka	(&lt;klōk-p-; klōkt-) to contract, draw up, depress	dedr	verbal-velar+labial-formative	klōk-p-	klōkt-	source-supported-verbal-input	D	The source explicitly supplies velar-before-labial morphological input; attested labial-before-velar supports a synchronic exchange analysis. Garrett and Blevins2009 pp.537–543 propose an analogical origin through replacement and double marking, so these forms do not independently prove prehistoric phonetic transposition.	high for local source analysis; deeper root history not asserted		d2136	Complete screen hit adjudicated for local velar/labial process; wider etymon comparison is limited unless separately present in casebook.
f_tjcebrjvs5vmg	d715	Kui	jūpka	(&lt;jūk-p-; jūkt-)to afflict, persecute, cause to suffer; act of afflicting, persecution, ill-treatment. DED(S) 613	dedr	verbal-velar+labial-formative	jūk-p-	jūkt-	source-supported-verbal-input	D	The source explicitly supplies velar-before-labial morphological input; attested labial-before-velar supports a synchronic exchange analysis. Garrett and Blevins2009 pp.537–543 propose an analogical origin through replacement and double marking, so these forms do not independently prove prehistoric phonetic transposition.	high for local source analysis; deeper root history not asserted		d715	Complete screen hit adjudicated for local velar/labial process; wider etymon comparison is limited unless separately present in casebook.
f_ty4mtcfbwoiuq	d3376	Kui	trupka (&lt; truk-p-; trukt-)	to oscillate, swing up and down	dedr	verbal-velar+labial-formative	truk-p-	trukt-	source-supported-verbal-input	D	The source explicitly supplies velar-before-labial morphological input; attested labial-before-velar supports a synchronic exchange analysis. Garrett and Blevins2009 pp.537–543 propose an analogical origin through replacement and double marking, so these forms do not independently prove prehistoric phonetic transposition.	high for local source analysis; deeper root history not asserted	trupka and drūpka are related intransitive/transitive swing formations; one family.	d3376	Complete screen hit adjudicated for local velar/labial process; wider etymon comparison is limited unless separately present in casebook.
f_u57za7jztiky4	d2115	Kui	gopkā	branches	dedr	nasal/labial-stem+plural-k	branch stem + plural-k; exact base not given		nominal-plural-control	O	Labial precedes the plural velar in the morphological input already; nasal loss and/or devoicing can yield p-k without k-p reversal. This is an independently different input class.	medium; precise plural allomorphy requires full paradigms		d2115	Complete screen hit adjudicated for local velar/labial process; wider etymon comparison is limited unless separately present in casebook.
f_ub356vpc6h5nw	d2815	Kuwi	hēru	pair of ploughing bullocks. DED (S) 2313	dedr	not-established			english-or-metadata-match	ineligible	English gloss or bibliographic shorthand matched the broad screen; no relevant lexical sequence.			d2815	Complete screen hit adjudicated for local velar/labial process; wider etymon comparison is limited unless separately present in casebook.
f_uiwvufb4jbbli	d4870	Kui	mlipka	(&lt;mlik-p-; mlikt-) to turn over , overturn, turn upside down; overturning	dedr	verbal-velar+labial-formative	mlik-p-	mlikt-	source-supported-verbal-input	D	The source explicitly supplies velar-before-labial morphological input; attested labial-before-velar supports a synchronic exchange analysis. Garrett and Blevins2009 pp.537–543 propose an analogical origin through replacement and double marking, so these forms do not independently prove prehistoric phonetic transposition.	high for local source analysis; deeper root history not asserted		d4870	Complete screen hit adjudicated for local velar/labial process; wider etymon comparison is limited unless separately present in casebook.
f_uvineozkzfl5m	d297	Pengo	ṛābga	priest who offers sacrifice	dedr	not-established			input-unresolved	A	Database priest ṛābga may be agent morphology. Garrett and Blevins2009 p.538 independently supplies ṛāk-ba > ṛābga sacrifice; source-paradigm evidence is separate and exact agent/verb relation remains to establish.			d297	Complete screen hit adjudicated for local velar/labial process; wider etymon comparison is limited unless separately present in casebook.
f_vj7jpnyejfxzu	d2926	Kuwi	nabgali	to press down. DED 2386	dedr;F-Kuwi	not-established			input-unresolved	A	A velar-labial analysis is possible, but the exact local full stem and labial formative are not independently both supplied. For nabgali, southern namukku includes a nasal absent in the output; for hēpk, related Kui sēpka is suggestive but not a Kuvi paradigm.			d2926	Complete screen hit adjudicated for local velar/labial process; wider etymon comparison is limited unless separately present in casebook.
f_vmp4e73iujxls	d5450	Kui	vīpka (vīpki-)	swift, quick	dedr	not-established			input-unresolved	A	Swift vīpka (vīpki-) lacks an independently given vīk-p- input.			d5450	Complete screen hit adjudicated for local velar/labial process; wider etymon comparison is limited unless separately present in casebook.
f_vwqpdtyxba5aw	d706	Kui	ubga	(&lt;ug-b-; ugd-) to collide, strike against, butt; uska (uski-)	dedr	verbal-velar+labial-formative	ug-b-		source-supported-verbal-input	D	The source explicitly supplies velar-before-labial morphological input; attested labial-before-velar supports a synchronic exchange analysis. Garrett and Blevins2009 pp.537–543 propose an analogical origin through replacement and double marking, so these forms do not independently prove prehistoric phonetic transposition.	high for local source analysis; deeper root history not asserted		d706	Complete screen hit adjudicated for local velar/labial process; wider etymon comparison is limited unless separately present in casebook.
f_w2g46pt5rztqy	d4527	Pengo	popka	id	dedr	not-established			input-unresolved	A	popka has no independently supplied pok-p input; source gloss id requires full etymon comparison.			d4527	Complete screen hit adjudicated for local velar/labial process; wider etymon comparison is limited unless separately present in casebook.
f_wig5kxdh2mnhw	d3801	Kui	paeri	a climbing plant of which the leaves are used for making cups and the runners and tendrils for ropes	dedr	not-established			english-or-metadata-match	ineligible	Screen matched English text (pumpkin, climbing, scoop, bag-pipe, etc.), not a relevant lexical velar–labial sequence.			d3801	Complete screen hit adjudicated for local velar/labial process; wider etymon comparison is limited unless separately present in casebook.
f_wnbiaa7nvfq72	d1109	Kui	gṛāpa (gṛāt-)	to cross, cross over, ford, pass by; act of crossing, fording, passing by	dedr	not-established			english-or-metadata-match	ineligible	Screen matched English text (pumpkin, climbing, scoop, bag-pipe, etc.), not a relevant lexical velar–labial sequence.			d1109	Complete screen hit adjudicated for local velar/labial process; wider etymon comparison is limited unless separately present in casebook.
f_wrglyexxvikvs	d766	Kuwi	epki ki	to cause to climb	dedr;Mah-Kuwi	verbal-velar+labial-formative	ek/eng + pi#ki		comparatively-supported-verbal-input	D	Independent local full stem in panel-029 supports a final velar. Labial derivation and voicing assimilation yield the observed p-k/b-g order; purely phonetic origin versus analogical history remains unresolved.	medium-high for local morphological ordering		d766	Complete screen hit adjudicated for local velar/labial process; wider etymon comparison is limited unless separately present in casebook.
f_wtcdjnx4wmtsq	d3376	Kui	drūpka (&lt; drūk-p-; drūkt-)	to cause to swing or sway; act of swinging someone	dedr	verbal-velar+labial-formative	drūk-p-	drūkt-	source-supported-verbal-input	D	The source explicitly supplies velar-before-labial morphological input; attested labial-before-velar supports a synchronic exchange analysis. Garrett and Blevins2009 pp.537–543 propose an analogical origin through replacement and double marking, so these forms do not independently prove prehistoric phonetic transposition.	high for local source analysis; deeper root history not asserted	trupka and drūpka are related intransitive/transitive swing formations; one family.	d3376	Complete screen hit adjudicated for local velar/labial process; wider etymon comparison is limited unless separately present in casebook.
f_x26hbteq3bt5o	d1805	Kuwi	kolki	receptacle for storing paddy. DED(N) 1500	dedr;Ṭ-Kuwi	not-established			english-or-metadata-match	ineligible	English gloss or bibliographic shorthand matched the broad screen; no relevant lexical sequence.			d1805	Complete screen hit adjudicated for local velar/labial process; wider etymon comparison is limited unless separately present in casebook.
f_x5ut4227rr6v2	d5363	Kui	vrapka (&lt; vrak-p-; vrakt-)	to cut open and disclose contents	dedr	verbal-velar+labial-formative	vrak-p-	vrakt-	source-supported-verbal-input	D	The source explicitly supplies velar-before-labial morphological input; attested labial-before-velar supports a synchronic exchange analysis. Garrett and Blevins2009 pp.537–543 propose an analogical origin through replacement and double marking, so these forms do not independently prove prehistoric phonetic transposition.	high for local source analysis; deeper root history not asserted		d5363	Complete screen hit adjudicated for local velar/labial process; wider etymon comparison is limited unless separately present in casebook.
f_xcw2bpz5djocy	d1249	Kui	kasi	a young undeveloped pumpkin	dedr	not-established			english-or-metadata-match	ineligible	Screen matched English text (pumpkin, climbing, scoop, bag-pipe, etc.), not a relevant lexical velar–labial sequence.			d1249	Complete screen hit adjudicated for local velar/labial process; wider etymon comparison is limited unless separately present in casebook.
f_xvjg3ehonj4ae	d1273	Kui	krēmbu ( krēpka)	sore, wound. DEDS 165	dedr	nasal/labial-stem+plural-k	krēmbu + plural-k		nominal-plural-control	O	Labial precedes the plural velar in the morphological input already; nasal loss and/or devoicing can yield p-k without k-p reversal. This is an independently different input class.	medium; precise plural allomorphy requires full paradigms		d1273	Complete screen hit adjudicated for local velar/labial process; wider etymon comparison is limited unless separately present in casebook.
f_yb2hf7hg3kv2y	d1628	Kui	kopka (&lt; kok-p-; kokt-)	to sit, sit down, sit on, settle down, subside; act of sitting, subsidence	dedr	verbal-velar+labial-formative	kok-p-	kokt-	source-supported-verbal-input	D	The source explicitly supplies velar-before-labial morphological input; attested labial-before-velar supports a synchronic exchange analysis. Garrett and Blevins2009 pp.537–543 propose an analogical origin through replacement and double marking, so these forms do not independently prove prehistoric phonetic transposition.	high for local source analysis; deeper root history not asserted		d1628	Complete screen hit adjudicated for local velar/labial process; wider etymon comparison is limited unless separately present in casebook.
f_ycvy4yb2ncvsq	d2800	Pengo	hēpkor	cow itch	dedr	not-established			input-unresolved	A	Cow-itch hēpkor could contain an itch stem, but neither velar-final stem nor formation is independently supplied in the Pengo record.		Source prints sek-p- beside sēpka and sēkt-. Vowel-length mismatch is separate from local k-p reversal; exact vowel needs original vocabulary checking.	d2800	Complete screen hit adjudicated for local velar/labial process; wider etymon comparison is limited unless separately present in casebook.
f_ykrwxz4m6gqzq	d513	Kui	lāa	grown-up girl, young woman	dedr	not-established			english-or-metadata-match	ineligible	Screen matched English text (pumpkin, climbing, scoop, bag-pipe, etc.), not a relevant lexical velar–labial sequence.			d513	Complete screen hit adjudicated for local velar/labial process; wider etymon comparison is limited unless separately present in casebook.
f_yxnvgoe5kayd4	d3323	Kuwi	hūpka	saliva, spittle	dedr	labial-stem+velar-formative	hūp spit + k-i/a		labial-stem-plus-velar-control	O	Independent labial base (panel-029 for heap, quiet and spit) supports original p-before-k, not an underlying velar-before-labial sequence. The interlace compound remains less fully segmented.	high for labial bases except interlace, medium for exact derivation		d3323	Complete screen hit adjudicated for local velar/labial process; wider etymon comparison is limited unless separately present in casebook.
f_yytdvo45dbx54	d2908	Kui	nōṛu	string, cord made from a forest climbing plant	dedr	not-established			english-or-metadata-match	ineligible	Screen matched English text (pumpkin, climbing, scoop, bag-pipe, etc.), not a relevant lexical velar–labial sequence.			d2908	Complete screen hit adjudicated for local velar/labial process; wider etymon comparison is limited unless separately present in casebook.
f_z75xuqcsjazlw	d333	Kui	āpka (āpki-)	yes	dedr	not-established			input-unresolved	A	Affirmative āpka (āpki-) has no independently supplied velar-final input.			d333	Complete screen hit adjudicated for local velar/labial process; wider etymon comparison is limited unless separately present in casebook.
f_zec6tdhg4tmzu	d1980	Kui	gebga (&lt; geg-b-; gegd-)	to be connected with (by ties of friendship, love, common cause), associate with, be united, reconciled, live together as husband and wife, have faith in, believe; set side by side, intertwine bamboos so as to build a fence; act of associating with, being connected with or having faith in, faith	dedr	verbal-velar+labial-formative	geg-b-		source-supported-verbal-input	D	The source explicitly supplies velar-before-labial morphological input; attested labial-before-velar supports a synchronic exchange analysis. Garrett and Blevins2009 pp.537–543 propose an analogical origin through replacement and double marking, so these forms do not independently prove prehistoric phonetic transposition.	high for local source analysis; deeper root history not asserted		d1980	Complete screen hit adjudicated for local velar/labial process; wider etymon comparison is limited unless separately present in casebook.
f_zg3bpnatld6o4	d5162	Kui	ranja	a small bough for supporting climbing plants, a large peastick	dedr	not-established			english-or-metadata-match	ineligible	Screen matched English text (pumpkin, climbing, scoop, bag-pipe, etc.), not a relevant lexical velar–labial sequence.			d5162	Complete screen hit adjudicated for local velar/labial process; wider etymon comparison is limited unless separately present in casebook.
f_zkmyxy3xxs4hm	d4194	Kui	plipka	(&lt;plik-p-; plikt-) to split , burst, crack	dedr	verbal-velar+labial-formative	plik-p-	plikt-	source-supported-verbal-input	D	The source explicitly supplies velar-before-labial morphological input; attested labial-before-velar supports a synchronic exchange analysis. Garrett and Blevins2009 pp.537–543 propose an analogical origin through replacement and double marking, so these forms do not independently prove prehistoric phonetic transposition.	high for local source analysis; deeper root history not asserted		d4194	Complete screen hit adjudicated for local velar/labial process; wider etymon comparison is limited unless separately present in casebook.
f_zmnthfsiwbki6	d2468	Kuwi	hāpu ( hāpka)	id. DED(S) 2035	dedr	nominal-stem+plural-k	hāp + plural-k		nominal-plural-control	O	This is a noun plural formation; the record supplies no velar-before-labial input. Nasal/labial alternation or plural allomorphy is separate from verbal k-p reversal.	medium; exact nominal allomorphy partly unresolved		d2468	Complete screen hit adjudicated for local velar/labial process; wider etymon comparison is limited unless separately present in casebook.
f_zyizyf2t57zfc	d5167	Manda	jīpaṛ ( jīpahiŋ	grown-up girl. DEDS 835	dedr	not-established			english-or-metadata-match	ineligible	English gloss or bibliographic shorthand matched the broad screen; no relevant lexical sequence.			d5167	Complete screen hit adjudicated for local velar/labial process; wider etymon comparison is limited unless separately present in casebook.
f_zzapu56xn4mei	d1349	Kui	kṛepka	(&lt;kṛek-p-; kṛekt-) to shake, cause to shake; act of shaking. DED(S) 1136	dedr	verbal-velar+labial-formative	kṛek-p-	kṛekt-	source-supported-verbal-input	D	The source explicitly supplies velar-before-labial morphological input; attested labial-before-velar supports a synchronic exchange analysis. Garrett and Blevins2009 pp.537–543 propose an analogical origin through replacement and double marking, so these forms do not independently prove prehistoric phonetic transposition.	high for local source analysis; deeper root history not asserted		d1349	Complete screen hit adjudicated for local velar/labial process; wider etymon comparison is limited unless separately present in casebook.
