source_key	jambu_id	id_basis	headword	gloss	tags	accent_type	turner	first_proto_form	proto_accent_nucleus	proto_nuclei	etymology	inflection
liljegren-LX000007	f_tf4gcz74z5t2g	source-key alias	áabru	cloud	noun m Palula-noun-class-a	first-mora	549	abhrá-	2	2	abhrá- 'cloud, rainy weather (n, rarely m)' (T: 549)	Inflection: a-decl (Obl, pl): áabra
liljegren-LX000010	f_rxbwwjrwknd2c	source-key alias	áaḍu	half; half of, some of; the one half; half of the people; some of them, etc.	adj	first-mora	644	ardhá-	2	2	ardhá- 'half (masc.neut)' (T: 644)	Inflection: Uml (Fem): éeḍi; Morphemic form: aḍ-
liljegren-LX000037	f_rvdmm5dtmqrjk	source-key alias	áangu	sickle	noun m Palula-noun-class-a	first-mora	100	anká-	2	2	anká- 'hook (masc)' (T: 100)	Inflection: a-decl (Obl, pl): áanga
liljegren-LX000049	f_z2wvvd2dxc24s	source-key alias	áašuṇ	hail	noun f Palula-noun-class-a	first-mora	910	aśáni-	2	3	aśáni- 'thunderbolt (fem)' (T: 910)	Inflection: a-decl (Obl): -a
liljegren-LX000055	f_rsldl4hnjzwoo	source-key alias	áaṣṭ	eight	num	first-mora	941	aṣṭā́	2	2	aṣṭā́ 'eight' (T: 941)	Morphemic form: aṣṭ
liljegren-LX000062	f_ckakslbwtixv2	source-key alias	aawíiṛu	narrow ; tight	adj	first-mora	1440	ā́vr̥ta-	1	3	ā́vr̥ta- 'covered ; surrounded' (T: 1440)	Inflection: Reg (Fem): aawíiṛi
liljegren-LX000068	f_3l6d5za57jdjy	source-key alias	aaghaá	sky	noun m Palula-noun-class-i	second-mora	1008	ākāśá-	3	3	ākāśá- 'sky (masc)' (T: 1008)	Inflection: i-decl (Obl): aaghaá, (Pl): aaghaái
liljegren-LX000069	f_deergxlqmiyvw	source-key alias	aaghaabáanu	sky-coloured	adj	first-mora	11338	várna-	1	2	várna- 'appearance, colour, class (masc)' (T: 11338)	Inflection: Uml (Fem): aaghaabéeni
liljegren-LX000077	f_hkqbpcmffxfsu	source-key alias	ac̣híi	eye	noun f Palula-noun-class-a	first-mora	43	ákṣi-	1	2	ákṣi- 'eye (neut)' (T: 43)	Inflection: a-decl (Obl, pl): -a; Morphemic form: ac̣hí
liljegren-LX000109	f_ry3n7zva57zx2	source-key alias	akóoš	eleven	num	first-mora	2485	ḗkādaśa	1	4	ḗkādaśa 'eleven' (T: 2485)	Morphemic form: akáaš
liljegren-LX000142	f_k7eytrqqaxmu4	source-key alias	angeerí	coal	noun f Palula-noun-class-a	short-or-diphthong	131	an̆gāryā́-	3	3	an̆gāryā́- 'heap of embers (f)' (T: 131)	Inflection: a-decl (Pl): -á
liljegren-LX000143	f_fgved6gdr3irg	source-key alias	angóor	fire	noun m Palula-noun-class-a	first-mora	125	án̆gāra-	1	3	án̆gāra- 'glowing charcoal (masc.neut)' (T: 125)	Inflection: a-decl (Obl): -a
liljegren-LX000148			angúṭ	fireplace	noun f Palula-noun-class-i	short-or-diphthong	65	agniṣṭhá-	3	3	agniṣṭhá- 'fire-pan (m)' (T: 65)	Inflection: i-decl (Obl, pl): -í
liljegren-LX000181	f_cc4kwqzog2vbs	source-key alias	aṣṭóoš	eighteen	num	first-mora	946	aṣṭā́daśa	2	4	aṣṭā́daśa 'eighteen' (T: 946)	Morphemic form: aṣṭáaš
liljegren-LX000223	f_faznsewj7ozfc	source-key alias	báaṣ	rain	noun m Palula-noun-class-a	first-mora	11392	varṣá-	2	2	varṣá- 'rain' (T: 11392)	Inflection: a-decl (Obl): baṣá; Morphemic form: baṣ
liljegren-LX000240	f_gjlis6qj2f246	source-key alias	bac̣húuṛu	young male calf	noun m Palula-noun-class-a	first-mora	11239	vatsá-	2	2	vatsá- 'calf, child (masc)' (T: 11239)	Inflection: a-decl (Obl, pl): bac̣húuṛa
liljegren-LX000248	f_wyrrlgw2ah2wy	source-key alias	bakáara	flock of sheep and goats	noun f Palula-noun-class-a	first-mora	9153	bárkara-	1	3	bárkara- 'kid, lamb; goat (masc)' (T: 9153)	Inflection: a-decl (Obl (pl)): -m; Morphemic form: bakár-; Restriction: With plural reference
liljegren-LX000269	f_pcg5bw5co4q3g	source-key alias	basaánd	spring; can also refer more specifically to the first part of spring (a 40-day period) when days are warmer and plants begin to grow and flowers blossom (appr. 1 Apr-10 May)	noun m Palula-noun-class-a	second-mora	11439	vasantá-	3	3	vasantá- 'spring season (masc)' (T: 11439)	Inflection: a-decl (Obl, pl): basandá; Morphemic form: basánd
liljegren-LX000271	f_l4yb3btzfu7am	source-key alias	batshaár	calf that can plough but is not yet full-grown (2-4 years old)	noun m Palula-noun-class-a	second-mora	11241	vatsatará-	4	4	vatsatará- 'young bull or goat before weaning or copulation (m)' (T: 11241)	Inflection: a-decl (Obl, pl): batshará
liljegren-LX000303	f_lybl5xubglnam	source-key alias	bháaru	load; burden	noun m Palula-noun-class-a	first-mora	9459	bhārá-	2	2	bhārá- 'burden, weight (masc)' (T: 9459)	Inflection: a-decl (Obl, pl): bháara
liljegren-LX000341	f_2gdmdrr3s4hq2	source-key alias	bhiiroó	male	adj	second-mora	12056	vīrá-	2	2	vīrá- 'man, hero, son; male of an animal (masc)' (T: 12056)	
liljegren-LX000342	f_wygvpdo4uqmcs	source-key alias	bhíiru	he-goat	noun m Palula-noun-class-a	first-mora	12056	vīrá-	2	2	vīrá- 'man, hero, son; male of an animal (masc)' (T: 12056)	Inflection: a-decl (Obl, pl): bhíira
liljegren-LX000343	f_6pzjkzzpb25ng	source-key alias	bhiíš	twenty; the twenty sth or people	num	second-mora	11616	vim̆śatí-	3	3	vim̆śatí- '20 (fem)' (T:11616)	Morphemic form: bhiš
liljegren-LX000376	f_yhwlazudi3zrs	source-key alias	bhoóy	daughter-in-law; son's wife	noun f Palula-noun-class-irregular	second-mora	11250	vadhū́	2	2	vadhū́ 'bride, young wife; son's wife (fem)' (T: 11250)	Inflection: Irr (Obl): bhooyí, (Pl): bhooyím
liljegren-LX000385	f_cbygp6jqtngzk	source-key alias	bhróo	brother; cousin, member of one's own tribe	noun m Palula-noun-class-irregular	first-mora	9661	bhrā́tr̥-	1	2	bhrā́tr̥- 'brother (masc)' (T: 9661)	Inflection: Irr (Obl, pl): bhraaú, (Obl pl): bhraawóom, (Gen): bhraawíi; Morphemic form: bhraa-
liljegren-bhruk	f_fogv5cavco67w	unique cited original and full etymology	bhruk	kidney	noun m Palula-noun-class-a	implicit-short	12064	vr̥kká-	2	2	vr̥kká- 'kidneys (masc, du)' (T: 12064)	Inflection: a-decl (Obl, pl): -a
liljegren-LX000404	f_2357lw35sowk2	source-key alias	bíi	seed	noun f Palula-noun-class-a	first-mora	9250	bíja-	1	2	bíja- 'seed, semen (neut)' (T: 9250)	Inflection: a-decl (Obl, pl): -a
liljegren-LX000408	f_cm7aqo6wjmplu	source-key alias	bíǰi	lightning	noun f Palula-noun-class-m	short-or-diphthong	11742	vidyút-	2	2	vidyút- 'flashing; lightning (f)' (T: 11742)	Inflection: m-decl (Pl): -m
liljegren-LX000417	f_owbhgyb6dni5e	source-key alias	biṣ	poison	noun m Palula-noun-class-a	implicit-short	11968	viṣá-	2	2	viṣá- 'poison' (T: 11968)	Inflection: a-decl (Obl): -á
liljegren-LX000423	f_marye4vaqkph2	source-key alias	bóolu	(straw of) hair	noun m Palula-noun-class-a	first-mora	11572	vā́la-	1	2	vā́la- 'hair of tail, tail, hair (masc)' (T: 11572)	Inflection: a-decl (Obl, pl): bóola; Morphemic form: báal-u
liljegren-LX000426	f_iu5minc42dt7i	source-key alias	bóoš	twelve	num	first-mora	6658	dvā́daśa	1	3	dvā́daśa 'twelve' (T: 6658)	Morphemic form: báaš
liljegren-LX000428	f_lc3xzia2krdfa	source-key alias	bráam	joint	noun m Palula-noun-class-a	first-mora	9893	márman-	1	2	márman- 'vulnerable spot, vital organ; secret; limb, joint (neut)' (T: 9893)	Inflection: a-decl (Obl, pl): -a
liljegren-LX000489	f_fd7tddjso7t6o	source-key alias	čandíiš	fourteen	num	first-mora	4605	cáturdaśa	1	4	cáturdaśa 'fourteen' (T: 4605)	Morphemic form: čandéeš
liljegren-LX000503	f_426vehshe7i5m	source-key alias	čhaál	kid (young goat)	noun m Palula-noun-class-a	second-mora	4963	chagalá-	3	3	chagalá- 'goat (masc)' (T: 4963)	Inflection: a-decl (Obl, pl): -á
liljegren-LX000507	f_ddazepuvjoglo	source-key alias	čhay	shade; shadow	noun f Palula-noun-class-i	implicit-short	5027	chāyā́-	2	2	chāyā́- 'shade, shadow, reflection; complexion; beauty (f)' (T: 5027)	Inflection: i-decl (Ob): -í
liljegren-LX000545	f_xptekfyqjlqmq	source-key alias	čoór	thief	noun m Palula-noun-class-a	second-mora	4931	cōrá-	2	2	cōrá- 'thief (masc)' (T: 4931)	Inflection: a-decl (Obl, pl): -á
liljegren-LX000553	f_tql5kc4xttury	source-key alias	čúkru	sour	adj	short-or-diphthong	4850	cukrá-	2	2	cukrá- 'sour, sharp to the taste' (T: 4850)	Inflection: Reg (Fem): čúkri; Morphemic form: čukr-
liljegren-LX000564	f_6mtdurggxxe6y	source-key alias	čúur	four	num	first-mora	4655	catúraḥ	2	3	catúraḥ 'four (masc.acc.pl.)' (T: 4655)	Morphemic form: čáur
liljegren-LX000570	f_v72oq5oe2lou4	source-key alias	c̣haár	waterfall	noun f Palula-noun-class-i	second-mora	3662	kṣará-	2	2	kṣará- 'melting away; cloud (masc); water (neut)' (T: 3662)	Inflection: i-decl (Obl, pl): c̣harí; Morphemic form: c̣har-
liljegren-LX000576	f_5jp2hjpo2nqwi	source-key alias	c̣hiír	milk	noun m Palula-noun-class-a	second-mora	3696	kṣīrá-	2	2	kṣīrá- 'milk, thickened milk (neut)' (T: 3696)	Inflection: a-decl (Obl, pl): -á
liljegren-LX000577	f_nenuu4k4tz4di	source-key alias	c̣híiri	udder (of cow)	noun f Palula-noun-class-m	first-mora	3700	kṣīrávat-	2	3	kṣīrávat- 'furnished with milk' (T: 3700)	Inflection: m-decl (Pl): -m
liljegren-LX000579	f_b5kjievwi6mm2	source-key alias	c̣híitr	field; (tilled) land	noun m Palula-noun-class-a	first-mora	3735	kṣḗtra-	1	2	kṣḗtra- 'land (neut)' (T: 3735)	Inflection: a-decl (Obl, pl): -a; Morphemic form: c̣héetr
liljegren-LX000580	f_oqt56wzbh6uyu	unique cited original and full etymology	c̣hiṇ	darkness	noun m Palula-noun-class-a	implicit-short	3690	kṣīṇá-	2	2	kṣīṇá- 'worn away; feeble' (T: 3690)	Inflection: a-decl (Obl, pl): -á
liljegren-LX000586	f_37drmu4nvbqxi	source-key alias	c̣huúr	razor, sharp knife	noun f Palula-noun-class-a	second-mora	3727	kṣurá-	2	2	kṣurá- 'razor (m); sharp barb of arrow; (f. der.) knife, dagger' (T: 3727)	Inflection: a-decl (Obl, pl): -a
liljegren-LX000593	f_7fzbbwvnqq5lw	source-key alias	dáand	tooth	noun m Palula-noun-class-a	first-mora	6152	dánta-	1	2	dánta- 'tooth (masc)' (T: 6152)	Inflection: a-decl (Obl, pl): -a; Morphemic form: dánd
liljegren-LX000594	f_37y7iic4geeuy	source-key alias	dáand	hill side, peak, ridge	noun m Palula-noun-class-a	first-mora	6724	dhánu-	1	2	dhánu- 'dry land (fem); desert (masc)' (T: 6724)	Inflection: a-decl (Obl, pl): dandá; Morphemic form: dand
liljegren-LX000599	f_zbq6o45kmzoyk	source-key alias	dáaš	ten	num	first-mora	6227	dáśa	1	2	dáśa 'ten' (T: 6227)	Morphemic form: daš
liljegren-LX000635	f_gfwv3enm6jbls	source-key alias	deec̣híṇu	right	adj	short-or-diphthong	6119	dákṣiṇa-	1	3	dákṣiṇa- 'right (hand); southern' (T: 6119)	Inflection: Reg (Fem): deec̣híṇi; Morphemic form: deec̣híṇ-
liljegren-LX000641	f_puvr4yqeajsj4	source-key alias	deés	day; point in time	noun m Palula-noun-class-a	second-mora	6333	divasá-	3	3	divasá- 'heaven; day (masc)' (T: 6333)	Inflection: a-decl (Obl, pl): -á
liljegren-LX000652	f_4jhbdvr5gy67e	source-key alias	dharaáṇ	ground; earth	noun f Palula-noun-class-i	second-mora	6744	dharáṇī-	2	3	dharáṇī- 'ground (fem)' (T: 6744)	Inflection: i-decl (Obl): dharaṇí; Morphemic form: dharáṇ
liljegren-LX000662	f_bzohvgjcckllm	source-key alias	dhií	daughter	noun f Palula-noun-class-a	second-mora	6481	duhitŕ̥-	3	3	duhitŕ̥- 'daughter (fem)' (T: 6481)	Inflection: a-decl (Obl, pl): dhiá
liljegren-LX000671	f_yzdlwulp7kem2	source-key alias	dhráac̣	grape	noun f Palula-noun-class-a	first-mora	6628	drā́kṣā-	1	2	drā́kṣā- 'vine, grape (fem)' (T: 6628)	Inflection: a-decl (Obl, pl): -a; Morphemic form: dhrac̣
liljegren-LX000675	f_mlodxtfudvr26	source-key alias	dhreég	stretched out, lying	adj indecl	second-mora	6568	dairghá-	2	2	dairghá- 'length (neut)' (T: 6568)	Usage: Primarily used as a non-verb element in complex predicates.
liljegren-LX000680	f_u5326otvtzozy	source-key alias	dhrígu	long, tall	adj	short-or-diphthong	6368	dīrghá-	2	2	dīrghá- 'long, tall, deep' (T: 6368)	Inflection: Reg (Fem): dhrígi; Morphemic form: dhríg-
liljegren-LX000682	f_qkuc5sn57e4ze	source-key alias	dhrúuk	stream; streambed, gorge	noun m Palula-noun-class-a	first-mora	6429	durgá-	2	2	durgá- 'impassable; difficult passage, danger' (T: 6429)	Inflection: a-decl (Obl, pl): -a
liljegren-LX000703	f_mg5mx3zylkvrq	source-key alias	díir	brother-in-law; a woman's husband's brother	noun m Palula-noun-class-a	first-mora	6546	dēvará-,	3	3	dēvará-, dḗvara- 'husband's younger brother' (T: 6546)	Inflection: a-decl (Obl, pl): -a; Morphemic form: déer
liljegren-LX000704	f_p3hg4ip75suxu	source-key alias	díiš	(home) village	noun m Palula-noun-class-a	first-mora	6547	dēšá	2	2	dēšá 'point, region, part; province, country (masc)' (T: 6547)	Inflection: a-decl (Obl, pl): -a; Morphemic form: déeš
liljegren-LX000892	f_nh34cikdbtqdu	source-key alias	haál	plough	noun m Palula-noun-class-a	second-mora	14000	halá-	2	2	halá- 'plough (masc.neut)' (T: 14000)	Inflection: a-decl (Obl, pl): halá
liljegren-LX000903	f_oevcjtgw3t5bo	source-key alias	haát	hand	noun f Palula-noun-class-a	second-mora	14024	hásta-	1	2	hásta- 'hand (masc); forearm as measure of length' (T: 14024)	Inflection: a-decl (Obl, pl): háata; Morphemic form: hat
liljegren-LX000918	f_qzzohj7jk6vjc	source-key alias	haṇoó	egg	noun m Palula-noun-class-ee	second-mora	1111	āṇḍá-	2	2	āṇḍá- 'egg (neut); testicles; scrotum' (T: 1111)	Inflection: ee-decl (Obl, pl): haṇeé
liljegren-LX000926	f_2k6q7p4ampp7u	source-key alias	héeṛi	duck	noun f Palula-noun-class-m	first-mora	1127	ātí-	2	2	ātí- 'an aquatic bird; Turdus ginginianus (fem)' (T: 1127)	Inflection: m-decl (Pl): -m
liljegren-LX000929	f_2hpgsqsmujvso	source-key alias	heewaánd	winter	noun m Palula-noun-class-a	second-mora	14164	hēmantá-	3	3	hēmantá- 'winter' (T: 14164)	Inflection: a-decl (Obl, pl): heewandá; Morphemic form: heewand-
liljegren-LX000942	f_6etfrz7pmfncq	source-key alias	híṛu	heart	noun m Palula-noun-class-a	short-or-diphthong	14152	hŕ̥daya-	1	3	hŕ̥daya- 'heart (neut)' (T: 14152)	Inflection: a-decl (Obl, pl): híṛa
liljegren-LX000992	f_syfbldorjhmje	source-key alias	iṇc̣	bear	noun m Palula-noun-class-a	implicit-short	2445	ŕ̥kṣa-	1	2	ŕ̥kṣa- 'bear (masc)' (T: 2445)	Inflection: a-decl (Obl, pl): -a
liljegren-LX001010	f_tsrg6zuxh2o3c	source-key alias	iṣṭú	brick	noun m Palula-noun-class-a	short-or-diphthong	1600	íṣṭakā-	1	3	íṣṭakā- 'brick (f)' (T: 1600)	Inflection: a-decl (Pl): -á
liljegren-LX001014	f_y4k6pkpg463jm	source-key alias	izraáṇ	rainbow	noun f Palula-noun-class-i	second-mora	1577	indradhanúṣ-	4	4	indradhanúṣ- 'rainbow' (T: 1577)	Inflection: i-decl (Obl): izreeṇí
liljegren-LX001020	f_7cgajcw3ofv62	source-key alias	ǰáandu	alive; living (person)	adj	first-mora	5244	jīvantá-	3	3	jīvantá- 'long-lived' (T: 5244)	Inflection: Uml (Fem): ǰéendi; Morphemic form: ǰand-
liljegren-LX001021	f_t75zciilozgfi	source-key alias	ǰáanu	individual, (male) person	noun m Palula-noun-class-a	first-mora	5098	ǰána	1	2	ǰána 'race, person (masc)' (T5098)	Inflection: a-decl (Obl, pl): ǰáana
liljegren-LX001022	f_ac6wipepaczv2	source-key alias	ǰáar	fever	noun m Palula-noun-class-a	first-mora	5303	jvará-	2	2	jvará- 'fever (masc)' (T: 5303) ; *jvāra- 'burning' (T: 5311)	Inflection: a-decl (Obl): ǰará; Morphemic form: ǰar
liljegren-LX001046	f_36at26kajtpi2	source-key alias	ǰaṣṭáanguṛ	big toe	noun m Palula-noun-class-a	first-mora	5286	jyḗṣṭha-	1	2	jyḗṣṭha- 'first, chief' (T: 5286)	Inflection: a-decl (Obl, pl): -a
liljegren-LX001062	f_rr3z2j5bvgrpk	source-key alias	ǰhanduraá	snake	noun m Palula-noun-class-i	second-mora	5110	jantú-	2	2	jantú- 'offspring, creature, man; any animal of lowest order, insect, worm (masc)' (T: 5110)	Inflection: i-decl (Pl): ǰhanduraí
liljegren-LX001063	f_mdockmkkdjzfm	source-key alias	ǰhaní	marriage; wedding	noun f Palula-noun-class-a	short-or-diphthong	5103	jáni-	1	2	jáni- 'woman, wife (fem)' (T: 5103)	Inflection: a-decl (Pl): -á
liljegren-LX001065	f_qrcbyjf3u4hkk	source-key alias	ǰhangaár	liver	noun f Palula-noun-class-i	second-mora	10394	yákr̥t-	1	2	yákr̥t- 'liver (neut)' (T: 10394)	Inflection: i-decl (Obl, pl): ǰhangarí
liljegren-LX001070	f_7bajjfx2jcndg	source-key alias	ǰhií~	(head) louse	noun f Palula-noun-class-a	second-mora	5239	jīvá-	2	2	jīvá- 'any living being, vital breath; life (masc, neut)' (T: 5239) ; yúkā- 'louse (fem)' (T: 10512)	Inflection: a-decl (Obl, pl): ǰhi~á
liljegren-LX001082	f_yms6ipib7onvy	source-key alias	ǰip	tongue	noun f Palula-noun-class-i	implicit-short	5228	jihvā́-	2	2	jihvā́- 'tongue (f)' (T: 5228)	Inflection: i-decl (Obl, pl): -í
liljegren-LX001098	f_tlhhnxieqkxe4	source-key alias	káac̣	straw; hay	noun m Palula-noun-class-a	first-mora	2589	kákṣa-	1	2	kákṣa- 'undergrowth; dead wood; grass (m)' (T: 2589)	Inflection: a-decl (Obl, pl): -a; Morphemic form: kac̣-
liljegren-LX001105	f_gvgeozgrhtvj4	source-key alias	kaál	year	noun m Palula-noun-class-a	second-mora	3084	kālá-	2	2	kālá- 'time; fixed point of time; fate, death (masc)' (T: 3084)	Inflection: a-decl (Obl, pl): -á
liljegren-LX001110	f_nr53tpjnfb66y	source-key alias	káand	shoulder	noun m Palula-noun-class-a	first-mora	13627	skandhá-	2	2	skandhá- 'shoulder, upper part of back; trunk of tree, mass (esp. of an army) (masc)' (T: 13627)	Inflection: a-decl (Obl, pl): kaná; Morphemic form: kand, kan
liljegren-LX001114	f_riwftdprddvuk	source-key alias	káaṇ	ear	noun m Palula-noun-class-a	first-mora	2830	kárṇa-	1	2	kárṇa- 'ear, handle of a vessel; end, tip(?) (masc)' (T: 2830)	Inflection: a-decl (Obl, pl): -a
liljegren-LX001116	f_bwlq46dszubxm	source-key alias	káaṇḍu	thorn	noun m Palula-noun-class-a	first-mora	2668	káṇṭaka-	1	3	káṇṭaka- 'thorn; anything pointed' (T: 2668)	Inflection: a-decl (Obl, pl): -a
liljegren-LX001138	f_pntoby7no6czk	source-key alias	karáaṛu	leopard; wild beast (in general)	noun m Palula-noun-class-a	first-mora	2655	káḍāra-	1	3	káḍāra- 'having projecting teeth, gaping; gaping with projecting teeth; dreadful' (T: 2655)	Inflection: a-decl (Obl, pl): karáaṛa
liljegren-LX001180	f_5n5wmapvhdwf4	source-key alias	kéengi	comb	noun f Palula-noun-class-m	first-mora	2598	kán̆kata-	1	3	kán̆kata- 'comb (m)' (T: 2598)	Inflection: m-decl (Pl): -m
liljegren-LX001185	f_ma6j5px33fee6	source-key alias	kháaṇ	mountain; mountain pass; Lowari Pass	noun m Palula-noun-class-a	first-mora	3792	khaṇḍá-	2	2	khaṇḍá- 'broken, crippled; having gaps or chasms; fragment (masc.neut)' (T: 3792) ; skandhá- 'shoulder, upper part of back; trunk of tree, mass (esp. of an army)' (T: 13627)	Inflection: a-decl (Obl, pl): -a
liljegren-LX001200	f_y5du37vosssnu	source-key alias	khaṣíi	hoe	noun f Palula-noun-class-a	first-mora	2909	karṣí-	2	2	karṣí- 'furrowing' (T: 2909)	Inflection: a-decl (Obl, pl): -a
liljegren-LX001245	f_zf6hpg6bh23hw	source-key alias	kiroóṛ	chest	noun m Palula-noun-class-a	second-mora	3607	krōḍá-	2	2	krōḍá- 'breast, bosom' (T: 3607)	Inflection: a-decl (Obl): -á
liljegren-LX001257	f_vqyhefphhardq	source-key alias	kóok	crow	noun m Palula-noun-class-a	first-mora	2993	kā́ka-	1	2	kā́ka- 'crow (masc)' (T: 2993)	Inflection: a-decl (Obl, pl): -a; Morphemic form: káak
liljegren-LX001258	f_ajjtn2tbz5rp2	source-key alias	koomáalu	soft	adj	first-mora	3523	kōmalá-	3	3	kōmalá- 'tender, soft' (T: 3523)	Inflection: Uml (Fem): kooméeli; Morphemic form: koomál-
liljegren-LX001260	f_7indwgqabf7be	source-key alias	kóoṇ	arrow	noun m Palula-noun-class-a	first-mora	3023	kā́ṇḍa-	1	2	kā́ṇḍa- 'single joint of a plant; arrow; cluster, heap (masc.neut)' (T: 3023)	Inflection: a-decl (Obl, pl): -a
liljegren-LX001267	f_7hyftv5pgyvaa	source-key alias	kráam	work; deed, behaviour	noun m Palula-noun-class-a	first-mora	2892	kárman-	1	2	kárman- 'act, work (neut)' (T: 2892)	Inflection: a-decl (Obl, pl): -a; Morphemic form: kram
liljegren-LX001273	f_oalouf5f65klk	source-key alias	kriṣíṇu	black	adj	short-or-diphthong	3451	kr̥ṣṇá-	2	2	kr̥ṣṇá- 'dark blue, black' (T: 3451)	Inflection: Reg (Fem): kriṣíṇi; Morphemic form: kriṣíṇ-
liljegren-LX001362	f_bfujkgwk5yhhy	source-key alias	lhoóku	small; (small) child	adj	second-mora	10896	laghú-	2	2	laghú- 'light; slight, quick' (T: 10896)	Inflection: Reg (Fem): lhoóki; Morphemic form: lhoók-
liljegren-LX001364	f_3sbkaab5ucw2e	source-key alias	lhoóṇ	salt	noun m Palula-noun-class-a	second-mora	10978	lavaṇá-	3	3	lavaṇá- 'salt; salty' (T: 10978)	Inflection: a-decl (Obl): -á
liljegren-LX001395	f_esvzm62hpxagk	source-key alias	máakaṛ	monkey	noun m Palula-noun-class-a	first-mora	9882	markáṭa-	2	3	markáṭa- 'monkey (m)' (T: 9882)	Inflection: a-decl (Obl, Pl): -a
liljegren-LX001453	f_xxis7rguuywnk	source-key alias	meec̣hí	honey	noun f Palula-noun-class-a	short-or-diphthong	9989	mākṣiká-	3	3	mākṣiká- 'pertaining to a bee; honey' (T: 9989)	Inflection: a-decl (Obl): -á
liljegren-LX001461	f_cls6acuscyck6	source-key alias	méeṭi	clay; mud	noun f	first-mora	10286	mŕ̥ttikā-	1	3	mŕ̥ttikā- 'earth, clay' (T: 10286)	
liljegren-LX001474	f_nlvpea42ce6sy	source-key alias	mhaás	meat, piece of flesh	noun m Palula-noun-class-a	second-mora	9982	mām̆sá-	2	2	mām̆sá- 'flesh (neut)' (T: 9982)	Inflection: a-decl (Obl, pl): -á
liljegren-LX001475	f_g2opknhvlnivk	source-key alias	mheél	buttermilk (lassi)	noun f Palula-noun-class-i	second-mora	9767	mathitá-	3	3	mathitá- 'stirred, churned; buttermilk churned without water (n)' (T: 9767)	Inflection: i-decl (Obl): -í
liljegren-LX001479	f_p5kfqitphd65a	source-key alias	mhoóru	sweet; tasty	adj	second-mora	9793	madhurá-	3	3	madhurá- 'sweet' (T: 9793)	Inflection: Reg (Fem): mhoóri
liljegren-LX001481	f_dtxoaiqybabne	source-key alias	míi	marrow; animal fat	noun f Palula-noun-class-a	first-mora	10323	mḗdas-	1	2	mḗdas- 'fat, marrow (n)' (T: 10323)	Inflection: a-decl (Obl): -a
liljegren-LX001499	f_niv3aowsktqg6	source-key alias	móoṇ	nest	noun f Palula-noun-class-a	first-mora	10042	mā́na-	1	2	mā́na- 'house, dwelling (m)' (T: 10042)	Inflection: a-decl (Obl, pl): -a; Morphemic form: máaṇ
liljegren-LX001500	f_22rm67maifzs2	source-key alias	móoṇuṣ	person, human being	noun m Palula-noun-class-a	first-mora	10049	mā́nuṣa-	1	3	mā́nuṣa- 'human (fem) ; man (masc)' (T: 10049)	Inflection: a-decl (Obl, pl): -a
liljegren-mring	f_tfoimyuqbovj2	source-key alias	mring	markhor (generic)	noun m Palula-noun-class-a	implicit-short	10264	mr̥gá-	2	2	mr̥gá- 'wild animal, deer' (T: 10264)	Inflection: a-decl (Obl): -a; Restriction: With plural reference
liljegren-LX001518	f_oau7i4hyzhjzy	source-key alias	mulái	radish	noun f Palula-noun-class-a	short-or-diphthong	10250	mū́la-	1	2	mū́la- 'root (n)' (T: 10250)	Inflection: a-decl (Obl, pl): mulée
liljegren-mung			mung	pea; bean	noun m Palula-noun-class-a	implicit-short	10198	mudgá-	2	2	mudgá- 'the bean Phaseolus mungo' (T: 10198)	Inflection: a-decl (Obl, pl): -a
liljegren-LX001535			múṣṭi	fist; shaft	noun f Palula-noun-class-m	short-or-diphthong	10221	muṣṭí-	2	2	muṣṭí- 'clenched hand, fist (m.f); handful' (T: 10221)	Inflection: m-decl (Pl): -m
liljegren-LX001544	f_j63nofzsszerc	source-key alias	múṭi	arm	noun f Palula-noun-class-m	short-or-diphthong	10221	muṣṭí-	2	2	muṣṭí- 'clenched hand, fist (masc.fem); handful' (T: 10221)	Inflection: m-decl (Pl): -m
liljegren-LX001550	f_lbfd44wga5rkw	source-key alias	múutr	urine	noun m Palula-noun-class-a	first-mora	10234	mū́tra-	1	2	mū́tra- 'urine (n)' (T: 10234)	Inflection: a-decl (Obl): -a
liljegren-LX001563	f_te7erw54blipe	source-key alias	náanu	naked	adj	first-mora	6926	nagná-	2	2	nagná- 'naked' (T: 6926)	Inflection: Uml (Fem): néeni; Morphemic form: nan-
liljegren-LX001569	f_gyj7em6aqpm4e	source-key alias	náawu	new	adj	first-mora	6983	náva-	1	2	náva- 'new, young' (T: 6983)	Inflection: Uml (Fem): néewi; Morphemic form: naw-
liljegren-LX001586	f_cfjnikckhxgmi	source-key alias	neeṛíi	root	noun f Palula-noun-class-a	first-mora	7047	nāḍí-	2	2	nāḍí- 'tubular stalk of any plant, tubular organ, tube' (T: 7047)	Inflection: a-decl (Obl, pl): -a; Restriction: Biori
liljegren-LX001595	f_kffd6gadmjs24	source-key alias	níilu	green, blue	adj	first-mora	7563	nī́la-	1	2	nī́la- 'dark blue, dark green, black' (T: 7563)	Inflection: Reg (Fem): níili; Morphemic form: níil-
liljegren-LX001596	f_ljwjwikhzurw6	source-key alias	níindra	sleep	noun f Palula-noun-class-irregular	first-mora	7200	nidrā́-	2	2	nidrā́- 'sleep (fem)' (T: 7200)	Inflection: Irr (Obl): -m; Restriction: In the plural
liljegren-LX001622	f_pat2mxozepzli	source-key alias	nóo	name	noun m Palula-noun-class-a	first-mora	7067	nā́man-	1	2	nā́man- 'name (neut)' (T: 7067)	Inflection: a-decl (Obl, pl): nóowa; Morphemic form: náau
liljegren-LX001625	f_d7jo25vaj6y4e	source-key alias	nóong	finger-nail	noun m Palula-noun-class-a	first-mora	6914	nakhá-	2	2	nakhá- 'nail (of finger or toe), claw (masc.neut)' (T: 6914)	Inflection: a-decl (Obl, pl): -a; Morphemic form: náang
liljegren-LX001627	f_kfcfwhixxlmjg	source-key alias	nóoṛ	canal; inlet; flume	noun f Palula-noun-class-a	first-mora	7047	nāḍí-	2	2	nāḍí- 'tubular stalk of any plant, tubular organ, tube' (T: 7047)	Inflection: a-decl (Obl, pl): -a; Morphemic form: náaṛ
liljegren-LX001632	f_xwhsjzmk7plme	source-key alias	núu	nine	num	first-mora	6984	náva	1	2	náva 'nine' (T: 6984)	
liljegren-LX001649	f_bofzrqsrbabiy	source-key alias	óomu	unripe; raw	adj	first-mora	1236	āmá-	2	2	āmá- 'raw' (T: 1236)	Inflection: Uml (Fem): éemi; Morphemic form: áam-
liljegren-LX001676	f_tnld5kmccn6za	source-key alias	páam	lamb's wool	noun m Palula-noun-class-a	first-mora	7638	pákṣman-	1	2	pákṣman- 'eyelashes; hair of a deer, filament of a flower; petal of a flower; a thin thread (n)' (T: 7638)	Inflection: a-decl (Obl): páama
liljegren-LX001677	f_sr7ofangymbyy	source-key alias	páand	path, road	noun f Palula-noun-class-a	first-mora	7785	pánthā-	1	2	pánthā- 'path, road (masc)' (T: 7785)	Inflection: a-decl (Obl, pl): -a; Morphemic form: pánd
liljegren-LX001678	f_a6lnhdjqs3q4k	source-key alias	páanǰ	five	num	first-mora	7655	páñca	1	2	páñca 'five' (T: 7655)	Morphemic form: panǰ
liljegren-LX001714	f_irdjwtnn2inog	source-key alias	panǰíiš	fifteen	num	first-mora	7662	páñcadaśa	1	4	páñcadaśa 'fifteen' (T: 7662)	Morphemic form: panǰéeš
liljegren-LX001716	f_dm4orq5vixtfi	source-key alias	paṇáaru	white	adj	first-mora	8047	pā́ṇḍara-	1	3	pā́ṇḍara- 'whitish-yellow, yellow, pale, white' (T: 8047)	Inflection: Uml (Fem): paṇéeri; Morphemic form: paṇár-
liljegren-LX001749	f_56ce4vgqoqs4i	source-key alias	peeróoṇ	shirt	noun m Palula-noun-class-a	first-mora	7838	paridhā́na-	3	4	paridhā́na- 'garment (esp. undergarment) (n)' (T: 7838)	Inflection: a-decl (Obl, pl): -a
liljegren-LX001767	f_gwdvoemg5gx7s	source-key alias	phalúuṛu	grain	noun m Palula-noun-class-a	first-mora	9051	phála-	1	2	phála- 'fruit (neut); *grain; seed of a fruit; spot on a dice' (T: 9051)	Inflection: a-decl (Obl, pl): phalúuṛa
liljegren-LX001787	f_c63tb6ti2ir3a	source-key alias	phiíṇ	steam; vapour	noun f Palula-noun-class-i	second-mora	9108	phḗna-	1	2	phḗna- 'foam, froth' (T: 9108)	Inflection: i-decl (Obl): -í
liljegren-LX001790	f_jxzfbrvavutio	source-key alias	phóol	ploughshare	noun m Palula-noun-class-a	first-mora	9072	phā́la-	1	2	phā́la- 'ploughshare (m); mattock' (T: 9072)	Inflection: a-decl (Obl, pl): -a; Morphemic form: pháal
liljegren-LX001822	f_vx36rzijigvho	source-key alias	píṇi	calf (of leg)	noun f Palula-noun-class-m	short-or-diphthong	8168	píṇḍa-	1	2	píṇḍa- 'lump, clod, piece; mouthful, ball of rice etc.; calf of leg (m)' (T: 8168)	Inflection: m-decl (Pl): -m
liljegren-LX001827	f_7qdkcg67xmtcg	source-key alias	pitrí	uncle; father's brother; father's cousin	noun m Palula-noun-class-a	short-or-diphthong	8188	pítriya-	1	3	pítriya- 'paternal; eldest brother who takes place of father' (T: 8188)	Inflection: a-decl (Pl): -á
liljegren-LX001837	f_56vaazzvhgbry	source-key alias	práašu	ribs	noun f Palula-noun-class-irregular	first-mora	7948	párśu	1	2	párśu 'rib' (T: 7948)	Inflection: Irr (Obl): práaša, (Pl): -m; Restriction: With plural reference
liljegren-LX001843	f_7n5ypz73bkhxm	unique cited original and full etymology	preṣ	mother-in-law; husband's or wife's mother	noun f Palula-noun-class-i	implicit-short	12759	śvaśrū́-	2	2	śvaśrū́- 'husband's or wife's mother (fem)' (T: 12759)	Inflection: i-decl (Obl, pl): -í
liljegren-LX001853	f_ff4rkot57t4uy	source-key alias	puróoṇu	old	adj	first-mora	8283	purāṇá-	3	3	purāṇá- 'ancient' (T: 8283)	Inflection: Uml (Fem): puréeṇi; Morphemic form: puráaṇ-
liljegren-putr	f_z2ntq7ceeuxyo	unique cited original and full etymology	putr	son	noun m Palula-noun-class-a	implicit-short	8265	putrá-	2	2	putrá- 'son (masc)' (T. 8265)	Inflection: a-decl (Obl, pl): -á
liljegren-LX001859	f_uxifaw6txup2a	source-key alias	puunǰí	full	adj indecl	short-or-diphthong	8342	pūryátē	2	3	pūryátē 'is filled' (T: 8342)	
liljegren-LX001865	f_exojng6zn4a36	source-key alias	púutru	grandson; son's son	noun m Palula-noun-class-a	first-mora	8416	paútra-	1	2	paútra- 'son's son (m)' (T: 8416)	Inflection: a-decl (Obl, pl): púutra
liljegren-LX001886	f_pwufykb5b7jkm	source-key alias	ráaǰ	rope	noun f Palula-noun-class-a	first-mora	10582	rájju-	1	2	rájju- 'rope, cord (fem)' (T: 10582)	Inflection: a-decl (Obl, pl): -a; Morphemic form: raǰ
liljegren-LX001894	f_5iz34b66lch6i	source-key alias	raát	night (as a measure of time); 24-hour period	noun f Palula-noun-class-i	second-mora	10702	rā́trī-	1	2	rā́trī- 'night (fem)' (T: 10702)	Inflection: i-decl (Pl): reetí
liljegren-LX001941	f_stjehsosoczzo	source-key alias	sáar	lake, pond, puddle	noun f Palula-noun-class-i	first-mora	13254	sáras-	1	2	sáras- 'lake, pool (neut)' (T: 13254)	Inflection: i-decl (Obl, pl): sarí; Morphemic form: sar
liljegren-LX001945	f_bkvropwimluxu	source-key alias	sáat	seven	num	first-mora	13139	saptá	2	2	saptá '7' (T: 13139)	Morphemic form: sat
liljegren-LX001970	f_ubdwh4ic73zpc	source-key alias	saṇḍá	buffalo bull	noun m Palula-noun-class-aan	short-or-diphthong	13331	sā́ṇḍa-	1	2	sā́ṇḍa- 'uncastrated (of bull)' (T: 13331)	Inflection: aan-decl (Pl): saṇḍagaán
liljegren-LX001981	f_menivji7rndby	source-key alias	satóoš	seventeen	num	first-mora	13146	saptádaśa	2	4	saptádaśa '17' (T: 13146)	Morphemic form: satáaš
liljegren-LX001991	f_eukvhudzgf24a	source-key alias	séeti	thigh	noun f Palula-noun-class-m	first-mora	13073	sakthán-	2	2	sakthán- 'thigh, thighbone' (T: 13073)	Inflection: m-decl (Pl): -m
liljegren-LX001999	f_p7tyx6mawteau	source-key alias	síiu	bridge	noun f Palula-noun-class-a	first-mora	13585	sḗtu-	1	2	sḗtu- 'dam, bridge; boundary (m)' (T: 13585)	Inflection: a-decl (Obl, pl): síiwa
liljegren-LX002010	f_a5lmqdh2pkpay	source-key alias	sígal	sand (fine, black)	noun m Palula-noun-class-a	short-or-diphthong	13386	síkatā-	1	3	síkatā- 'grain of sand; sand, gravel (fem)' (T: 13386)	Inflection: a-decl (Obl): -a
liljegren-LX002017	f_ld5ctwlfiuf2k	source-key alias	soór	ice; hard snow	noun m Palula-noun-class-a	second-mora	13355	sára-	1	2	sára- 'hardness (of wood); best part' (T: 13355)	Inflection: a-decl (Obl): -á
liljegren-LX002028	f_f5ppuzenbgtk6	source-key alias	súuri	sun	noun f Palula-noun-class-m	first-mora	13574	sū́riya	1	3	sū́riya 'sun (masc)' (T: 13574)	Inflection: m-decl (Pl): -m
liljegren-LX002029	f_nzb6jsirkxzou	source-key alias	súutr	thread	noun m Palula-noun-class-a	first-mora	13561	sū́tra	1	2	sū́tra 'thread, cord' (T: 13561)	Inflection: a-decl (Obl, pl): -a
liljegren-LX002032	f_vtca5gbhbbbmi	source-key alias	šaák	wood	noun m Palula-noun-class-a	second-mora	12379	śākhyá-	2	2	śākhyá- 'belonging to or resembling a branch, branching' (T: 12379)	Inflection: a-decl (Obl, pl): -á
liljegren-LX002045	f_qyujgywu2gcdq	source-key alias	šaraál	autumn	noun m Palula-noun-class-a	second-mora	12329	śarád-	2	2	śarád- 'autumn (fem)' (T: 12329)	Inflection: a-decl (Obl, pl): šaralá
liljegren-LX002046	f_cdpvr4q6njvco	source-key alias	šarái	she-deer; female markhor	noun f Palula-noun-class-a Palula-noun-class-m	short-or-diphthong	12331	śarabhá-	3	3	śarabhá- 'a kind of deer' (T: 12331)	Inflection: a-decl/m-decl (Pl): šarée, šaraíim
liljegren-LX002060	f_55ww7ppfj4keu	source-key alias	šidáalu	cold	adj	first-mora	12487	śītalá-	3	3	śītalá- 'cold' (T: 12487)	Inflection: Uml (Fem): šidéeli; Morphemic form: šidál-
liljegren-LX002065	f_bbmp5mitxaydq	source-key alias	šíin	bed (charpoy, string bed)	noun m Palula-noun-class-a	first-mora	12323	šáyana-	1	3	šáyana- 'lying down, bed (neut)' (T: 12323)	Inflection: a-decl (Obl, pl): -a; Morphemic form: šéen
liljegren-LX002076	f_5t7zez6ciunua	source-key alias	šilúuk	story, tale	noun m Palula-noun-class-a	first-mora	12748	ślṓka-	1	2	ślṓka- 'sound, hymn of praise; stanza (m)' (T: 12748)	Inflection: a-decl (Obl, pl): -a
liljegren-LX002085	f_f2ix3lgckfyla	source-key alias	šišáwu	beautiful	adj	short-or-diphthong	12642	śṓśucat-	1	3	śṓśucat- 'shining brightly' (T: 12642) ; *suśōbha- 'splendid' (T: 13534)	Inflection: Reg (Fem): šišáwi
liljegren-LX002093	f_meems6e5ejkpm	source-key alias	šóong	branch (of tree)	noun m Palula-noun-class-a	first-mora	12260	śan̆kú-	2	2	śan̆kú- 'peg, spike; stake, post; stick, arrow (masc)' (T: 12260)	Inflection: a-decl (Obl, pl): -a; Morphemic form: šáang
liljegren-LX002108	f_d6oho7dkvavmi	source-key alias	šumaáṇ	trouser-cord	noun f Palula-noun-class-i	second-mora	13878	syū́man-	1	2	syū́man- 'band, thong, bridle (n)' (T: 13878)	Inflection: i-decl (Obl, pl): šumaṇí
liljegren-LX002114	f_nyc3xud7fztig	source-key alias	šúur	father-in-law; husband's or wife's father	noun m Palula-noun-class-a	first-mora	12753	śváśura-	1	3	śváśura- 'husband's father; wife's father (masc)' (T: 12753)	Inflection: a-decl (Obl): šúura; Morphemic form: šáur
liljegren-LX002118	f_kc6kvll2w3jp2	source-key alias	ṣáak	rear shoulder	noun m Palula-noun-class-a	first-mora	13576	srákva-	1	2	srákva- 'corner of mouth, jaws (m or n)' (T: 13576)	Inflection: a-decl (Obl, pl): ṣaká
liljegren-LX002134	f_h4uv3b62lwjzk	source-key alias	ṣing	horn	noun m Palula-noun-class-a	implicit-short	12583	śŕ̥n̆ga-	1	2	śŕ̥n̆ga- 'horn (neut)' (T: 12583)	Inflection: a-decl (Obl, pl): -a
liljegren-LX002136	f_iwco3hm3obb4k	unique cited original and full etymology	ṣiṣ	head; hair	noun m Palula-noun-class-a	implicit-short	12497	śīrṣá-	2	2	śīrṣá- 'head, skull (neut)' (T: 12497)	Inflection: a-decl (Obl, pl): -á
liljegren-LX002145	f_zw6hwi6npjnfw	source-key alias	ṣoṛíiš	sixteen	num	first-mora	12812	śṓḍaśa	1	3	śṓḍaśa 'sixteen' (T: 12812)	Morphemic form: ṣoṛéeš
liljegren-LX002153	f_6ox4hgaqjgej6	source-key alias	ṣúuṛu	hole	noun m Palula-noun-class-a	first-mora	12572	śūrtá-	2	2	śūrtá- 'crushed, broken' (T: 12572)	Inflection: a-decl (Obl, pl): ṣúuṛa
liljegren-LX002170	f_nguvkfcw5lnf2	source-key alias	táatu	hot	adj	first-mora	5679	taptá-	2	2	taptá- 'heated, hot' (T: 5679)	Inflection: Uml (Fem): téeti; Morphemic form: tat-
liljegren-LX002232			thúlu	fat (about animals)	adj	short-or-diphthong	13776	sthūlá-	2	2	sthūlá- 'large, thick, stout' (T: 13776)	Inflection: Reg (Fem): thúli; Morphemic form: thul-
liljegren-LX002233	f_sbi4ypdzr4mau	source-key alias	thúri	heel	noun f Palula-noun-class-m	short-or-diphthong	13775	sthūrá-	2	2	sthūrá- 'big, strong' (T: 13775)	Inflection: m-decl (Pl): -m
liljegren-LX002234	f_azhf4jkzsskhk	source-key alias	thúuṇi	pillar	noun f Palula-noun-class-m	first-mora	13774	sthū́ṇā-	1	2	sthū́ṇā- 'post, pillar' (T: 13774)	Inflection: m-decl (Pl): -m
liljegren-LX002237	f_yr3bcs6m4torm	source-key alias	tíiṇu	sharp	adj	first-mora	5839	tīkṣṇá-	2	2	tīkṣṇá- 'sharp; hot, pungent' (T: 5839)	Inflection: Reg (Fem): tíiṇi; Morphemic form: tíiṇ-
liljegren-LX002248	f_s6qaocpdipeio	source-key alias	tóoru	star	noun m Palula-noun-class-a	first-mora	5798	tāraká-	3	3	tāraká- 'belonging to the stars' (T: 5798)	Inflection: a-decl (Obl, pl): tóora
liljegren-LX002252	f_3hgioebrm3emi	source-key alias	traambú	wasp	noun m Palula-noun-class-aan Palula-noun-class-i	short-or-diphthong	5664	tántra-	1	2	tántra- 'web; loom; weaving, thread (neut)' (T: 5664) ; *vābha- 'weaving, spinning' (T: 11531)	Inflection: aan-decl/i-decl (Obl): -í, (Pl): -aán
liljegren-LX002261	f_ewzpbbjprv3hu	source-key alias	tríiš	thirteen	num	first-mora	6001	*trayédaśa	2	4	*trayédaśa 'thirteen' (T: 6001)	Morphemic form: tréeš
liljegren-LX002265	f_nxwwzu35he5kg	source-key alias	tríṣṭu	sour, bitter	adj	short-or-diphthong	5938	tr̥ṣṭá-	2	2	tr̥ṣṭá- 'harsh, rough' (T: 5938)	Inflection: Reg (Fem): triṣṭi; Morphemic form: triṣṭ
liljegren-LX002282	f_v2yzc3hdgesis	source-key alias	tuúš	some, a little; a bit, slightly	adj indecl	second-mora	5850	tuččhyá-	2	2	tuččhyá- 'empty, vain; n. emptiness (neut)' (T: 5850)	
liljegren-uts	f_cxuezermeemss	source-key alias	uts	spring (of water)	noun m Palula-noun-class-a	implicit-short	1869	útsa-	1	2	útsa- 'spring of water (masc)' (T: 1869)	Inflection: a-decl (Obl, pl): -a
liljegren-LX002386	f_izuotzqoy7wuk	source-key alias	wíi	water	noun m Palula-noun-class-a	first-mora	1921	udaká-	3	3	udaká- 'water (neut)' (T: 1921)	Inflection: a-decl (Obl): -a
liljegren-LX002431	f_ykrvpvohvxtgc	source-key alias	yáab	irrigation canal	noun f Palula-noun-class-a	first-mora	10442	yavyá-	2	2	yavyá- 'stream (fem)' (T: 10442)	Inflection: a-decl (Obl, pl): -a
liljegren-LX002435	f_s2kssaz5iw5ge	source-key alias	yáandr	mill	noun m Palula-noun-class-a	first-mora	10412	yantrá-	2	2	yantrá- 'controlling device; any implement or contrivance (neut)' (T: 10412)	Inflection: a-decl (Obl, pl): -a; Morphemic form: yandr
liljegren-LX002450	f_oanoj7zg4ml6q	source-key alias	yúu	barley	noun m Palula-noun-class-a	first-mora	10431	yáva-	1	2	yáva- 'barley (m)' (T: 10431)	Inflection: a-decl (Obl): -a
liljegren-LX002454	f_y72fzcb66idm2	source-key alias	zaán	self	noun f Palula-noun-class-i	second-mora	5098	jána-	1	2	jána- 'race, person (masc)' (T: 5098)	Inflection: i-decl (Obl): ǰaní; Usage: Primarily functioning pronominally along with the reflexive pronoun teeṇíi in the object position as a phrase co-referential with the clause subject.
liljegren-LX002485	f_w5xseubbjhyqk	source-key alias	ẓamí	brother-in-law; sister's husband	noun m Palula-noun-class-aan	short-or-diphthong	5200	jāmí-	2	2	jāmí- 'related as brother and sister; brother (masc); sister (fem); relative (masc); female relative esp. son's wife (fem)' (T: 5200)	Inflection: aan-decl (Pl): -aán
liljegren-LX002514	f_vzzbfoon65zbu	source-key alias	gháanu	large, big	adj	first-mora	4424	ghaná-	2	2	ghaná- 'compact, firm, dense; densely filled, deep (of sound or colour)' (T: 4424)	Inflection: Uml (Fem): ghéeni; Morphemic form: ghan-
liljegren-LX002526	f_cjth4aksbfn2k	source-key alias	ghiíṛ	ghee; semi-liquid butter (used for cooking)	noun m Palula-noun-class-a	second-mora	4501	ghr̥tá-	2	2	ghr̥tá- 'fluid grease, clarified butter or ghee (neut)' (T: 4501)	Inflection: a-decl (Obl, pl): -á
liljegren-LX002530	f_yvx2gkhczdjdu	source-key alias	ghoóm	wheat	noun m Palula-noun-class-a	second-mora	4287	gōdhū́ma-	2	3	gōdhū́ma- 'wheat (m, usu. pl)' (T: 4287)	Inflection: a-decl (Obl): -á
liljegren-LX002533	f_wnpvd2nljzuuk	source-key alias	ghoóṣṭ	house, home	noun m Palula-noun-class-a	second-mora	4336	gōṣṭhá-	2	2	gōṣṭhá- 'cow-house; meeting place (masc)' (T: 4336)	Inflection: a-decl (Obl, pl): -á
liljegren-LX002536	f_ytdsdfz42m5pa	source-key alias	ghreéṇḍ	knot	noun f Palula-noun-class-i	second-mora	4354	granthí-	2	2	granthí- 'knot, bunch, protuberance; joint; swelling or hardening of the vessels of the body' (T: 4354)	Inflection: i-decl (Obl, pl): -í
liljegren-LX002537	f_xrv64yuzohucc	source-key alias	ghríinǰu	eagle	noun m Palula-noun-class-a	first-mora	4231	gŕ̥dhya-	1	2	gŕ̥dhya- 'greedy (?)' (T: 4231)	Inflection: a-decl (Obl, pl): grhíinǰa
liljegren-LX002539	f_ceqs73vbsapl4	source-key alias	ghróom	village; permanent settlement (in contrast with sóon 'summer pasture'); Ashret proper, also atshareét xaás	noun m Palula-noun-class-a	first-mora	4368	grā́ma-	1	2	grā́ma- 'troop, village' (T: 4368)	Inflection: a-decl (Obl, pl): -a; Morphemic form: ghráam
liljegren-LX002540	f_yrdvpgxjqvbdq	source-key alias	ghróoṇ	foul smell	noun f Palula-noun-class-a	first-mora	4531	ghrāṇá-	2	2	ghrāṇá- 'smelling; smell; nose' (T: 4531)	Inflection: a-decl (Obl): -a
liljegren-LX002585	f_h7zdddiw5zche	source-key alias	gúu	bull, ox	noun m Palula-noun-class-a	first-mora	4255	gṓ-	1	1	gṓ- 'ox (masc), cow (fem)' (T: 4255) ; gava- 'cow or bull' (T: 4093)	Inflection: a-decl (Obl, pl): gúa
