turner	proto_headword	proto_accent_nucleus	proto_nuclei	source_glosses	palula	gil	koh	gur	Astor	dr	bro	source_rows	proto_entry
43	ákṣi	1	2	eye	ac̣híi [eye]	ac̣híi	ac̣híi	ac̣híi	ac̣híi			gil:45; koh:46; gur:47; Astor:48	43 ákṣi n. 'eye' RV.
125	áṅgāra	1	3	fire	angóor [fire]	agáar; hagáar		aṅgáaru				gil:294; gil:295; gur:296	125 áṅgāra m. n. 'glowing charcoal' RV., °aka- lex. 2. *iṅgāra-, iṅgāla- m. Vāsav. com.
135	aṅgúli	2	3	finger	angúṛu [thumb; big toe]	haguí	hagwí	a~wíi~	aṅwíi~			gil:54; koh:55; gur:56; Astor:57	135 aṅgúli f. 'finger, toe' VS., ŚBr., aṅgúri- f. AV., svaṅgurí- RV. 2. *aṅgūḍi- [2 &lt; *aṅguẓ-ḍi- with *aṅguṣ- in aṅguṣ-ṭhá-, cf. H. Frisk Suffixales -i&gt;th- im Indogermanischen 17.]
137	aṅguṣṭhá-,	3	3	thumb		agúto	hagúu	oṅúu~tu	aṅúu~to			gil:135; koh:136; gur:137; Astor:138	137 aṅguṣṭhá-, °gú° m. 'thumb' ĀśvGr̥., 'big toe' KātyŚr. [aṅgu-ṣ-ṭhá-, cf. *aṅgu-ẓ-ḍi- and aṅgú-li-]
145	ajá	2	2	goat (f.)		ái	ái	ái	ái			gil:713; koh:714; gur:715; Astor:716	145 ajá m. 'goat', ajā́- f. RV., ajakā-, -ikā- f. 'small or young goat' Pāṇ.
242	adyá,	2	2	today	aáǰ [today]	aš	aš	aš	aš			gil:560; koh:561; gur:562; Astor:563	242 adyá, -ā́ 'today' RV. [a-¹]
549	abhrá	2	2	cloud; rain	áabru [cloud]	áj̣o	áẓo	áj̣u	áẓo			gil:393; gil:408; koh:394; koh:409; gur:395; gur:410; Astor:396; Astor:411	549 abhrá¹ n. (rarely m.) 'cloud, rainy weather' RV. 2. abhríya- 'belonging to the clouds', m.n. 'thundercloud' RV.
722	álpa	1	2	few			ápa	ápo	ápo			koh:1020; gur:1021; Astor:1022	722 álpa 'small' AV., alpakám 'a little' ŚBr.
941	aṣṭā́,	2	2	eight	áaṣṭ [eight]	a~ṣ	a~ṣ	a~ṣṭ	a~ṣ			gil:1007; koh:1008; gur:1009; Astor:1010	941 aṣṭā́, °ṭáu 'eight' RV.
1111	āṇḍá	2	2	egg	haṇoó [egg]	haṇeé	haṇó	haṇoó~				gil:688; koh:689; gur:690	1111 āṇḍá n. 'egg' RV., du. 'testicles' AV., aṇḍá- Ep., °aka- 'egg, scrotum' lex. [Kaf. Paš. Kal. forms point to *āṇḍra-: ac. to Mayrhofer EWA i 26, with Kuiper PMWS 76, of Muṇḍa origin]
1288	ā́yāti	1	3	to come				oónu				gur:873	1288 ā́yāti 'comes near' RV. 2. āyāta- MBh. [√yā]
1869	útsa	1	2	spring (of water)	uts [spring (of water)]	uts	utsh	uts	uts			gil:630; koh:631; gur:632; Astor:633	1869 útsa m. 'spring of water' RV. 2. utsíya- (utsyà-) 'coming from a spring (of water)' AV. [√ud²].
1921	udaká	3	3	water	wíi [water]	wey	wói; wíi	vói	wói			gil:429; koh:430; koh:431; gur:432; Astor:433	1921 udaká n. 'water'. RV. 2. daka- n. Suśr., BHSk. [udán-: √ud²]
1929	udanyú	3	3	hungry		uyáno						gil:1068	1929 udanyú 'seeking water' RV. [udán-: √ud²]
2349	úraṇa	1	3	lamb		urán		urán	urán			gil:1384; gur:1385; Astor:1386	2349 úraṇa m. 'ram, sheep, young ram' ŚBr. [úrā-]
2485	ḗkādaśa	1	4	eleven	akóoš [eleven]		akáai	akáai	akáai			koh:1016; gur:1017; Astor:1018	2485 ḗkādaśa¹ 'eleven' VS. [ḗka-, dáśa]
2563	ṓṣṭha	1	2	lip		óo~ṭo		óo~ṭi	óo~ṭ			gil:98; gur:99; Astor:100	2563 ṓṣṭha m. 'lip' RV.
2574	ká	1	1	who? (m.); who? (f.); who? (pl.)		keé; keéi	koé		koí			koh:1296; Astor:1298; gil:1299; gil:1301	2574 ká², nom. sg. m. káḥ, f. kā́, n. kím q.v., gen. sg. m.n. kásya, inst. kḗna. In nom. m.f. largely replaced by kaḥ punar and kō'paraḥ.
2588	kákṣa	1	2	armpit				kácɨ̥		khiṅ	caṅ'khoṅ	gur:6; dr:7; bro:8	2588 kákṣa¹ m. 'armpit' RV., 'groin (?)' AV., kakṣā- f. 'armpit' Suśr. which despite EWA i 561 (correcting i 136) is to be distinguished from kakṣyāˋ- 'girdle'.
2589	kákṣa	1	2	grass/fodder	káac̣ [straw; hay]	kac̣	kac̣	kac̣				gil:810; koh:811; gur:812	2589 kákṣa² m. 'undergrowth' RV. (?), VS. 'dead wood' VS., 'grass' lex.
2830	kárṇa	1	2	ear	káaṇ [ear]	koṇ	koṇ	koṇ	koṇ			gil:35; koh:36; gur:37; Astor:38	2830 kárṇa m. 'ear, handle of a vessel' RV., 'end, tip (?)' RV. ii 34, 3. [Cf. *kāra- ⁶]
2892	kárman	1	2	work	kráam [work; deed, behaviour]	kom	kom	krom	krom			gil:386; koh:387; gur:388; Astor:389	2892 kárman¹ n. 'act, work' RV. [√kr̥¹]
2993	kā́ka	1	2	crow	kóok [crow]			káa	káa			gur:677; Astor:678	2993 kā́ka m. 'crow' Mn., °kī- f. Pāṇ. [kākōla- m. 'raven' Mn., kākāla- m. Vet. Onom. cf. kākākr̥t- 'cawing' MBh. — In NIA. with various suffixes and partially onom. with -k- and -g-]
3023	kā́ṇḍa	1	2	arrow	kóoṇ [arrow]	kóoṇ	kóoṇ	kóoṇ	kóoṇ			gil:247; koh:248; gur:249; Astor:250	3023 kā́ṇḍa (kāṇḍá- TS.) m.n. 'single joint of a plant' AV., 'arrow' MBh., 'cluster, heap' (in tr̥ṇa-kāṇḍa- Pāṇ. Kāś.). [Poss. connexion with gaṇḍa-² makes prob. non-Aryan origin (not with P. Tedesco Language 22, 190 &lt; kr̥ntáti). Prob. ← Drav., cf. Tam. kaṇ 'joint of bamboo or sugarcane' EWA i 197]
3084	kālá	2	2	year	kaál [year]	kaál; sáal	kaál		sáal			gil:578; gil:581; koh:579; Astor:582	3084 kālá² m. 'time' AV., 'fixed point of time' ŚBr. 'fate, death' MBh.
3120	kāṣṭhá	2	2	wood		káaṭo	káaṭho	káaṭo	káaṭho			gil:381; koh:382; gur:383; Astor:384	3120 kāṣṭhá n. 'piece of wood' ŚBr., °ikā- f. 'small do.' Pañcat.
3241	kuṭṭáyati	2	4	to beat				kuṭyoónu	kuṭoónu			gur:857; Astor:858	3241 kuṭṭáyati 'crushes, grinds' AVPariś., 'pounds' VarBr̥S. 2. *kōṭṭayati. [√kuṭṭ]
3451	kr̥ṣṇá	2	2	black	kriṣíṇu [black]	kíṇo	kíṇo	kíṇu	kíṇo			gil:990; koh:991; gur:992; Astor:993	3451 kr̥ṣṇá 'dark blue, black' RV., kŕ̥ṣṇaka- 'blackish' Pāṇ. 2. Nom. prop. esp. of the incarnation of Viṣṇu.
3735	kṣḗtra	1	2	field	c̣híitr [field; (tilled) land]	c̣héec̣		c̣héec̣	c̣héec̣			gil:285; gur:286; Astor:287	3735 kṣḗtra n. 'land' RV. [√kṣi¹]
3781	kháṭvā	1	2	bed				khaṭ	khaṭ			gur:258; Astor:259	3781 kháṭvā f. 'bedstead' Kauś., °vākā- f. Pāṇ., °vikā- Kāś., khaṭṭā- f., °ṭaka- m. Apte. [Cf. khaṭṭi-, khaḍū-¹, khāṭa- m., °ṭā, °ṭĭ̄-, °ṭikā- f. 'bier' lex. and Pa. khaṭōpikā- f. 'bed']
3792	khaṇḍá	2	2	mountain	kháaṇ [mountain; mountain pass; Lowari Pass]	khaṇ	khoṇ; khaṇ	khoṇ				gil:611; koh:612; koh:613; gur:614	3792 khaṇḍá¹ 'broken, crippled' VarBr̥S., 'having gaps or chasms' Suśr., m.n. 'fragment' R., °ḍaka-¹ 'having no nails' lex., °ḍikā- f. Pān. [Cf. 'defective' words listed s.v. baṇḍá-. — √khaṇḍ]
3832	kharvá	2	2	left (direction)		khábo	khábooto	khái	kháau			gil:1074; koh:1075; gur:1077; Astor:1078	3832 kharvá (RV. ákharva-) 'mutilated, imperfect' TS., 'dwarfish' lex., khárvaka- AV., khalvāṭa- 'bald' Bhartr̥. ['Defective' word, cf. *karva- beside Av. kaurva- 'bald' ('short' H. W. Bailey BSOS vi 598 ff.), Pers. karve 'decayed teeth' ← Sogd. krw- W. B. Henning BSOS x 96. EWA i 304 rejects non-IE. origin, but if they are connected with kárvati, khárvati, gárvati 'is haughty' Dhātup., there is the characteristic interchange of initial in such words.]
3865	khā́dati	1	3	to eat	khóo [to eat]	khoók	khoón	khoónu	khoónu			gil:889; koh:890; gur:891; Astor:892	3865 khā́dati 'chews, bites' RV., 'eats' ŚBr. 2. Pp. khāditá- ŚBr. 3. Caus. khādayati Mn. 4. Pass. khādyatē Mr̥cch. [√khād]
4336	gōṣṭhá	2	2	house	ghoóṣṭ [house, home]	góoṭ	góoṣ	góoṣ	goóṣ			gil:314; koh:315; gur:316; Astor:317	4336 gōṣṭhá m. 'cow-house' RV., 'meeting place' MBh. 2. *gōstha-. [gṓ-, stha-]
4368	grā́ma	1	2	village	ghróom [village; permanent settlement (in contrast with sóon 'summer pasture'); Ashret proper, also atshareét xaás]				giróom			Astor:379	4368 grā́ma m. 'troop, village' RV., °aka- m. MBh.
4501	ghr̥tá	2	2	ghee	ghiíṛ [ghee; semi-liquid butter (used for cooking)]	gií	gií	gií	gií			gil:297; koh:298; gur:299; Astor:300	4501 ghr̥tá n. 'fluid grease, clarified butter or ghee' RV. [√ghr̥¹]
4655	catvā́raḥ	2	3	four	čúur [four]	cáar	cáar	cáar	cáar			gil:1036; koh:1037; gur:1038; Astor:1039	4655 catvā́raḥ m. pl. 'four' RV. 2. catvā́ri n. pl. 3. catúraḥ m. acc. pl. [catur-]
4701	cárman	1	2	skin		com	com	com	com			gil:123; koh:124; gur:125; Astor:126	4701 cárman n. 'hide, skin' RV.
5110	jantú	2	2	snake	ǰhanduraá [snake]	jon	judraá	jon	jon			gil:761; gur:762; Astor:763; koh:764	5110 jantú m. 'offspring, creature, man' RV., 'any animal of lowest order, insect, worm' Mn. 2. *jantī-. [√jan]
5198	jā́mātr̥	1	3	son-in-law	ǰhaamatroó [son-in-law; daughter's husband]	jamac̣oó	jamc̣ó	jaməc̣óo	jamac̣óo			gil:235; koh:236; gur:237; Astor:238	5198 jā́mātr̥ m. 'daughter's husband' RV. 2. *jāmātra-, °aka-.
5228	jihvā́	2	2	tongue	ǰip [tongue]	jib	jip	jip	jip			gil:139; koh:140; gur:141; Astor:142	5228 jihvā́ f. 'tongue' RV. 2. juhū́- f. RV.
5301	jyṓtsnā	1	2	moon	yúun [moon; month]	yúun	yúun	yúun	yúun			gil:404; koh:405; gur:406; Astor:407	5301 jyṓtsnā f. 'moonlit night' TBr., 'moonlight' MBh. 2. *yōtsnā- (dissimilated from *dyōtsnā- ?).
5637	taṇḍulá	3	3	rice (paddy)			talúuṇ					koh:1417	5637 taṇḍulá m. 'grain, esp. rice, after threshing and winnowing' AV. [Perh. of similar non-Aryan (Drav. Bloch BSOS v 737 or, less probably, Austro-as. S.K. Chatterji ZII ix 32) as *cāmala- cf. esp. forms in K. B. Si.]
5679	taptá	2	2	hot	táatu [hot]	taáto	táto	tátu	tátto			gil:1060; koh:1061; gur:1062; Astor:1063	5679 taptá 'heated, hot' RV. [√tap]
5806	tiktá	2	2	bitter		c̣íṭo	cíṭo	cíṭu	c̣íṭo			gil:986; koh:987; gur:988; Astor:989	5806 tiktá 'pungent, bitter' MBh., tiktaka- R. [√tij]
5839	tīkṣṇá	2	2	sharp	tíiṇu [sharp]	tíino	tíiṇo	tíiṇu	tíiṇo			gil:1129; koh:1130; gur:1131; Astor:1132	5839 tīkṣṇá 'sharp' RV., 'hot, pungent' MBh. 2. *trīkṣṇa- 'sharp', Tibetan-Sanskrit Dictionary of Dīrghāyu Indrajina folio 98 a 3 has trīkṣṇaṁ = rnaba 'sharp' (H. W. Bailey): prob. X tr̥ṣṭá- (AO xix 95 tīkṣṇá- &gt; *tīkṣra- &gt; *trīkṣa-). [√tij]
5889	tuvám	2	2	you (sg.)	tu [you (2sg nom subject or direct object)]	tu	tu					gil:1303; koh:1305	5889 tuvám (metr.), tvám 'thou'. 2. Acc. tuvā́m (metr.), tvā́m. 3. Inst. tvā́ 4. Gen. táva. 5. Dat. túbhya{m} RV.
5994	tráyaḥ	1	2	three	tróo [three]	c̣ée	c̣ée		c̣ée			gil:1162; koh:1163; Astor:1165	5994 tráyaḥ nom. m. 'three' RV. 2. *trāyaḥ cf. Av. θrāyō NTS xii 131. 3. trī́ṇi nom. acc. n. RV. 4. trīṇā́m gen. m. n. [tri-]
6119	dákṣiṇa	1	3	right (direction)	deec̣híṇu [right]	dac̣híno	dac̣híṇo	dac̣íṇu	daṣínu			gil:1112; koh:1114; gur:1115; Astor:1116	6119 dákṣiṇa 'right (hand)' RV., 'southern' AV. [√dakṣ]
6152	dánta	1	2	tooth	dáand [tooth]	don	don	don	don			gil:143; koh:144; gur:145; Astor:146	6152 dánta m. 'tooth' RV. [dánt- RV.]
6227	dáśa	1	2	ten	dáaš [ten]	day	dáai	dái	dái			gil:1149; koh:1150; gur:1151; Astor:1152	6227 dáśa 'ten' RV.
6260	dā́tra	1	2	sickle					dáli			Astor:366	6260 dā́tra² n. 'knife, sickle' RV. 2. *dātrī- of which dāti- f. Gal. is MIA. form. [Northern word Pat. MBhāṣ. i 9, 27 which may account for NW forms in H. and Brj. — √dō]
6273	dāntá	2	2	bull				dóonu				gur:659	6273 dāntá 'tamed' TBr., m. 'tamed ox' Rājat. [√dam]
6333	divasá	3	3	day	deés [day; point in time]	déez	deés	dées	déez			gil:448; koh:449; gur:450; Astor:451	6333 divasá m. 'heaven' TBr., 'day' MBh. [√div¹]
6368	dīrghá	2	2	long	dhrígu [long, tall]	j̣ígo	ẓígo	j̣ígu				gil:1079; koh:1080; gur:1081	6368 dīrghá 'long, tall, deep' RV. [~ *draṅgha-¹]
6391	dugdhá	2	2	milk		dut	dut	dut	dut			gil:339; koh:340; gur:341; Astor:342	6391 dugdhá n. 'milk' AV. [√duh]
6481	duhitŕ̥	3	3	daughter	dhií [daughter]	dií	dií	dií	diíh			gil:165; koh:166; gur:167; Astor:168	6481 duhitŕ̥ f. 'daughter' RV.
6495	dūrá	2	2	far	dhúura [far away; away]	duúr	dúur	dúur	dúur			gil:1344; koh:1345; gur:1346; Astor:1347	6495 dūrá 'distant' RV., n. 'distance' ŚBr., dūrám, dūrḗ adv. 'far away' RV. [~ *dūna-². — √du³]
6658	dvā́daśa	1	3	twelve	bóoš [twelve]	báay	báai	báai	báai			gil:1171; koh:1172; gur:1173; Astor:1174	6658 dvā́daśa 'twelve' RV. 2. duvā́daśa RV.
6849	dhūmá	2	2	smoke	dhuumíi [smoke, fume]	duúm	duúm	duúm	duúm			gil:367; koh:368; gur:369; Astor:370	6849 dhūmá m. 'smoke, vapour, mist' RV. 2. dhūmikā- f. 'smoke' Kathās., 'fog' lex., or *dhūmiyā-, dhūmyā- f. 'thick cloud of smoke' Mālatīm.
6906	ná	1	1	not	na [not; don't]		na					koh:1217	6906 ná 'not' RV.
6920	nakhará	3	3	fingernail		nóoro	núuro	nóor	nóor			gil:58; koh:59; gur:60; Astor:61	6920 nakhará 'shaped like a claw' ŚBr., m.n. 'claw' Pañcat., 'nail-scratch' Cat. [nakhá-]
6983	náva	1	2	new	náawu [new]	naáwo	nóo~	náa~	náu~			gil:1088; koh:1089; gur:1090; Astor:1091	6983 náva¹ 'new, young' RV., navaka-¹ Vās.
6984	náva	1	2	nine	núu [nine]	naw		náu	náu			gil:1092; gur:1094; Astor:1095	6984 náva² 'nine' RV.
7067	nā́man	1	2	name	nóo [name]	nóom	núum	nóom	nóom			gil:218; koh:219; gur:220; Astor:221	7067 nā́man n. 'name' RV.
7200	nidrā́	2	2	sleep	níindra [sleep]	nir						gil:1433	7200 nidrā́ f. 'sleep' RV. [√drai]
7563	nī́la	1	2	green	níilu [green, blue]	níilo	níilo	níilu	níilu			gil:1056; koh:1057; gur:1058; Astor:1059	7563 nī́la 'dark blue, dark green, black' RV., nīlaka- lex. 2. nī́la- n. 'blue substance' ŚBr., 'indigo' Yājñ.
7627	pakṣá	2	2	feather				páṭu				gur:693	7627 pakṣá m. 'wing, feather, fin, shoulder, side' RV., 'side of a building' AV., 'party, troop' MBh., pákṣas- n. 'side' RV., 'side of door' VS., pakṣaka- m. 'side' Śiś., 'fan' Gal.
7655	páñca	1	2	five	páanǰ [five]	poš	poš	po~š	po~š			gil:1028; koh:1029; gur:1030; Astor:1031	7655 páñca 'five'.
7662	páñcadaśa	1	4	fifteen	panǰíiš [fifteen]	panzéy						gil:1024	7662 páñcadaśa 'fifteen' RV.
7733	páttra	1	2	leaf		páṭo	páṭho	páṭu	páṭo			gil:814; koh:815; gur:816; Astor:817	7733 páttra n. 'wing-feather' VS., 'wing' (in cmpd.) RV., 'leaf, petal' KātyŚr., 'leaf of book' Kāv., °traka- m.n. lex., °trikā- f. Kāv. [&lt; earlier pátra- Wackernagel AiGr ii 2, 855. — See also paṭṭa-¹. — √pat]
7785	pánthā	1	2	path	páand [path, road]	pon	pon	pon	pon			gil:344; koh:345; gur:346; Astor:347	7785 pánthā m. 'path, road' RV.
8056	pā́da	1	2	foot		páa	páa~	páa	páa			gil:66; koh:67; gur:68; Astor:69	8056 pā́da m. 'foot' RV., 'foot or leg of inanimate object' AV., pādaká- m. 'small foot' RV. 2. 'a fourth part, line of a verse' ŚBr. [In many NIA. forms a final -u or -v   may be &lt; nom. and acc. sg. m. -ō, -aṁ which, confined originally to dir. sg. (~ obl. sg. and pl. stem pā{y}-), were often incorporated in the stem and even in derivatives. Possibly however, though not very probably, some of these forms are &lt; pādú- q.v. — Words for 'quarter' with -u or -v are still more probably &lt; nom. and acc. sg. pādō, °daṁ. — pád-²]
8188	pítriya	1	3	father's brother	pitrí [uncle; father's brother; father's cousin]	picáa	picáar	pic̣íi				gil:179; koh:180; gur:181	8188 pítriya 'paternal' (metr.) RV., m. 'eldest brother who takes place of father' lex. 2. pítrya- RV. [Replaces pitr̥vya- m. 'father's brother' Mn. — pitŕ̥-]
8201	pipīlá	3	3	ant	pilíilu [ant]	philíili	phibíili	pfiliíli	philíili			gil:639; koh:640; gur:641; Astor:642	8201 pipīlá m. 'ant' RV., °laka- m. 'large black ant' ChUp., pipī́likā- f. 'small red ant' AV., pīlaka- m. 'ant' lex. 2. *piphīla-. 3. *pippīla-. 4. *pipphīla-. 5. *pippīḍa-. 6. *pilīla-. [Variety of MIA. and NIA. forms for 'ant' may be due partly to its (unknown) nonAryan origin (EWA ii 285), partly to contamination with kīṭá- and kŕ̥mi-, but mainly to some sort of taboo for a noxious insect. Although there appear to be six main types, not all NIA. forms can be grouped exactly under them]
8249	púccha	1	2	tail		phacoó						gil:765	8249 púccha m.n. 'tail, hinder part' AV., pucchaka- n. lex. [See piccha-]
8265	putrá	2	2	son	putr [son]	puc̣	puc̣	puc̣	puc̣			gil:230; koh:231; gur:232; Astor:233	8265 putrá¹ m. 'son' RV.
8416	paútra	1	2	grandson	púutru [grandson; son's son]	póoc̣o	póoc̣o	póoc̣o	póoc̣o			gil:191; koh:192; gur:193; Astor:194	8416 paútra m. 'son's son' AV., pautraka- m. Kāv. [putrá-¹]
9029	plúṣi	1	2	flea	príiṇṣu [flea]			príij̣o	príiẓu			gur:705; Astor:706	9029 plúṣi m. 'a partic. noxious insect, (prob.) flea' RV. 2. *pruṣi- 3. *pruci-. 4. *pricu-. 5. *priṣu-. 6. *praṣu- (or *prāṣu-: X prāśú- 'very quick' RV.??). [Variety of forms due to alteration, throu h taboo, of the name of a noxious insect, as in other IE. languages EWA ii 386 with lit. — See Add.]
9216	bālá	2	2	child		baál	baál		baál			gil:160; koh:161; Astor:162	9216 bālá 'young' Gr̥S., 'foolish' Mn., m. 'boy (under five years old)' Mn., °aka- adj. and sb. MBh., m. 'fool' lex., bālā- f. 'girl (esp. under sixteen years old)' Mn. [Despite the various etymologies listed in EWA ii 426, it perh. belongs to the 'defective' group s.v. baṇḍá- which proprovides, like other 'defective' groups, several words for 'child', e.g. *bāḍa- in Paš. bāṛā 'boy', bāṛī 'girl', *bāḍḍa- in G. bāḍuvā̃ 'poor simple little children': note esp. the meanings 'ignorant, fool' in Pa. Pk.]
9250	bī́ja	1	2	seed	bíi [seed]	bíi	bíi	bíi	bíi			gil:837; koh:838; gur:839; Astor:840	9250 bī́ja n. 'seed, semen' RV., bījaka- n. Suśr.
9303	bŕ̥haspáti	1,3	4	Thursday		bréspat			bréspat			gil:474; Astor:475	9303 bŕ̥haspáti m. 'name of a deity' RV., 'the planet Jupiter' R. [√br̥h¹, páti-]
9568	bhū́yiṣṭha	1	3	all (countable); all (uncountable)		búṭo; búṭa	búṭa	búṭɨ				gil:975; gil:977; koh:978; gur:979	9568 bhū́yiṣṭha 'most numerous, chief' RV., bhū́yiṣṭham adv. 'mostly' ŚBr. [bhū́yas. — √bhū]
9661	bhrā́tr̥	1	2	brother	bhróo [brother; cousin, member of one's own tribe]	ẓáa	ẓáa	j̣áa	ẓáa			gil:152; koh:153; gur:154; Astor:155	9661 bhrā́tr̥ m. 'brother' RV., bhrātr̥ka- m. Kālid.
9982	māṁsá	2	2	flesh	mhaás [meat, piece of flesh]	moós	moós	moós	moós			gil:62; koh:63; gur:64; Astor:65	9982 māṁsá n. 'flesh', māṁs- in cmpds., mā́s- n. RV.
9989	mākṣiká	3	3	honey	meec̣hí [honey]	mac̣híi	mac̣íi	mac̣híi	mac̣híi			gil:310; koh:311; gur:312; Astor:313	9989 mākṣiká 'pertaining to a bee' MārkP., n. 'honey' Suśr. 2. *mākṣa-. [mákṣā-]
10016	mātŕ̥	2	2	mother		maá~	maá~	máa~				gil:204; koh:205; gur:206	10016 mātŕ̥ f. 'mother' RV., mātr̥kā- f. Kāv.
10104	mā́sa	1	2	month		máaz	móos	móos	móos			gil:498; koh:499; gur:500; Astor:501	10104 mā́sa m. 'moon, month' RV., °aka m. Sūryas. [mā́s-]
10158	múkha	1	2	face		mukh	muk	muk	mukh			gil:49; koh:50; gur:51; Astor:52	10158 múkha n. 'mouth, face' RV., 'entrance' MBh.
10221	muṣṭí	2	2	shoulder	múṣṭi [fist; shaft]; múṭi [arm]		muṭh	miṭhíj	miṭhíjo			koh:130; gur:131; Astor:132	10221 muṣṭí m.f. 'clenched hand, fist' RV., 'handful' ŚBr.
10244	mūrtá	2	2	curds		múuṭo dut	múutho dut					gil:270; koh:271	10244 mūrtá 'coagulated' TS., 'embodied' ŚBr. [~ *mūrṇa-². — √mūrch]
10250	mū́la	1	2	root	mulái [radish]	mulií						gil:836	10250 mū́la (mū́ra- AV.) n. 'root' RV., mūlaka- 'arising from' MBh., m.n. 'radish' Mn., mūlikā- f. 'root used in magic' Pañcat. 2. *mūḍa-. [Despite early occurrence and proposed connexion with Gk. μω̑λυ (IEW 750), variation of -l/r- ~ -ḍ- supports non-Aryan, perh. Drav., origin: cf. Tam. muḷā, muḷḷaṅki 'radish' &amp;c., DED 4105. Prob. only chance resemblance with L. and Bi. forms of MIA. muḍḍha- &lt; mūrdhán- with meaning of 'root']
10264	mr̥gá	2	2	bird	mring [markhor (generic)]	briṅ						gil:651	10264 mr̥gá m. 'wild animal, deer' RV. 2. mr̥gī- f. 'doe' R. 3. *mr̥gā-.
10299	mr̥ṣṭá	2	2	good		míṣṭo	míṣṭho	míṣṭhu	míṣṭhu			gil:1049; koh:1050; gur:1051; Astor:1052	10299 mr̥ṣṭá¹ 'rubbed, washed, pure' RV., 'prepared, savoury' R., 'sweet, pleasant' MBh., miṣṭa-¹ 'dainty, sweet' MBh. [√mr̥j or √mr̥ś]
10323	mḗdas	1	2	grease	míi [marrow; animal fat]	míi~	myú~	mií~	míi~			gil:301; koh:302; gur:303; Astor:304	10323 mḗdas n. 'fat, marrow' RV., mēda- m. 'fat' R.
10394	yákr̥t-,	1	2	liver	ǰhangaár [liver]	yúum	yúu~	yúu~	yúu~			gil:102; koh:103; gur:104; Astor:105	10394 yákr̥t-, gen. yaknás n. 'liver' RV.
10412	yantrá	2	2	spinning wheel	yáandr [mill]			yo~ṣ				gur:374	10412 yantrá n. 'controlling device' RV., 'any implement or contrivance' MBh., yantraka- n. 'handmill' Hcat. [√yam]
10442	yavyā́	2	2	irrigation channel	yáab [irrigation canal]	yap	yab	yab	yap			gil:319; koh:320; gur:321; Astor:322	10442 yavyā́ f. 'stream' Naigh. (in yavyā́vatī- 'a place-name' RV.?). 2. *yaviyā́-.
10452	yā́ti	1	2	to walk	yhíi [to come, arrive; become, come into existence]	yayoók						gil:965	10452 yā́ti 'goes, approaches, comes to' RV. [√yā]
10652	rásati	1	3	to say		rayoók						gil:934	10652 rásati¹ 'yells' ŚBr., 'praises' Naigh. [√ras¹]
10702	rā́trī	1	2	night	raát [night (as a measure of time); 24-hour period]	ráati	ráati	ráati	ráati			gil:536; koh:537; gur:538; Astor:539	10702 rā́trī f. 'night' RV.
10978	lavaṇá	3	3	salt	lhoóṇ [salt]		luúṇi	luúṇi				koh:357; gur:358	10978 lavaṇá n. 'salt' AV., adj. 'salty' MBh. [J. Charpentier IL ii 55 &lt; *ravaṇa-. — Rather MIA. &lt; lavana- (cf. láva-¹) and lūna- (cf. Pk. lūṇa-) '*piece of rock-salt' (J. C. W.)]
10988	lavítra	2	3	sickle		leéc̣	léec̣i					gil:361; koh:362	10988 lavítra n. 'sickle' Pāṇ. [√lū]
11009	lāṅgūlá	3	3	tail	laméeṭi [tail]		lamṭoó	lamóoṭu; lamṭoó	lamóṭi			koh:766; gur:767; gur:768; Astor:769	11009 lāṅgūlá (lāṅgula- Pañcat., laṅgula- lex.) n. 'tail' ŚāṅkhŚr., adj. 'having a tail' MBh., 'penis' lex. 2. *lāṅguṭa-. 3. *lāṅguṭṭa-. 4. *lāṅguṭṭha-. 5. *lēṅgula-. 6. *lēṅguṭṭa-. [Cf. lañja-². — Variety of form attests non-Aryan origin: PMWS 112 (with lakuṭa-) ← Mu., J. Przyluski BSL 73, 119 ← Austro-as.]
11302	vayám	2	2	we	be [we (1pl nom)]	be; bes	be	beʔ	be; bes			gil:1281; gil:1282; koh:1283; gur:1285; Astor:1286; Astor:1287	11302 vayám 'we' RV.
11392	varṣá	2	2	year	báaṣ [rain]; béeriṣ [summer]	baríš						gil:580	11392 varṣá n. 'rain' RV., pl. 'the Rains' AV. 2. 'year ŚBr. [√vr̥ṣ]
11572	vā́la	1	2	hair	bóolu [(straw of) hair]		báal	báal				koh:74; gur:75	11572 vā́la m. 'hair of tail, tail, hair' TS., vālaka- m. 'tail of horse or elephant' lex. [~ vā́ra-¹]
11616	viṁśatí	3	3	twenty	bhiíš [twenty; the twenty sth or people]	bií	bií	bií	bií			gil:1175; koh:1176; gur:1177; Astor:1178	11616 viṁśatí f. '20' RV., viṁśat-, viṁśa- (in cmpds.) MBh.
12051	vīdhrá	2	2	blue sky	beedhríi [to clear up (about sky)]	béej̣i	bíẓi	béj̣u				gil:390; koh:391; gur:392	12051 vīdhrá n. 'clear sky, sunshine' AV. 2. vī́dhrya- 'relating to the clear sky' VS. 3. *vīdhriya-. 4. *vaidhriya-. [*īdhra-]
12064	vr̥kká	2	2	kidney	bhruk [kidney]	j̣uk; ẓuk	ẓuúk	j̣úuk	j̣uk			gil:89; gil:90; koh:91; gur:92; Astor:93	12064 vr̥kká m. du. 'kidneys' AV., vŕ̥kya- TS., vr̥kkā- f. 'heart' lex. 2. *vrakka-. 3. bukka-¹ n. 'heart', °kan- m. lex., °kā- f. Mr̥cch., būkka- n. lex., būkhan- n. Col. [Meaning and initial v- are confirmed by Av. vərət̰ka-, Pers. gurda 'kidney'. vr̥kkā- 'heart' is X non-Aryan bukka- 'intestines (heart, liver, lungs, &amp;c.)' which in its turn in NW. (Tor. K. L. WPah.) and M. gained mng. 'kidney' (com. on Amarakośa ii 6, 64 s.v. bukkāgramāṁsa- appears to refer to kidneys confused with heart and liver). RV. vr̥kkḗ (Padap. vr̥kkáḥ) 'in belly' is poss. a hyper-vedic substitution for bukka- (J. C. W.). — Cf. *bōkk-]
12233	vrīhí	2	2	rice (paddy)					briú~			Astor:1416	12233 vrīhí m. 'rice' AV. [→ Par. ráhö, rahṓ 'husked rice' IIFL i 284]
12278	śatá	2	2	hundred		šal	šal	šal	šal			gil:1064; koh:1065; gur:1066; Astor:1067	12278 śatá n. '100' RV.
12323	śáyana	1	3	bed	šíin [bed (charpoy, string bed)]	šéen	šen					gil:256; koh:257	12323 śáyana n. 'lying down, bed' ŚBr. [→ Par. šīnā́ 'cradle' IIFL i 290. — √śī]
12326	śaraṇá	3	3	roof			šaróon	šarún	šarín			koh:352; gur:353; Astor:354	12326 śaraṇá² 'protecting', n. 'shelter, home' RV. 2. *śarṇa-. [√śar]
12329	śarád	2	2	autumn	šaraál [autumn]	šaróo	šaryóo	šaróo	šaróo			gil:444; koh:445; gur:446; Astor:447	12329 śarád f. 'autumn' RV., śarada- in cmpd. Pāṇ., śaradā- f. lex. 2. *śaradda-.
12487	śītalá	3	3	cold; fever	šidáalu [cold]	šidálo; šaál	šaál					gil:998; gil:1351; koh:1352	12487 śītalá 'cold' MBh. [śītá-¹]
12492	śīná	2	2	snow		hin	hin	hin	hin			gil:417; koh:418; gur:419; Astor:420	12492 śīná¹ 'frozen, congealed' Pāṇ., n. 'ice' VS. [~ śītá-. — √śyai]
12497	śīrṣá	2	2	head	ṣiṣ [head; hair]	ṣiṣ	ṣiṣ	ṣiíṣ	ṣiíṣ			gil:80; koh:81; gur:82; Astor:83	12497 śīrṣá n. 'head, skull' AV. [śīrṣán- n. RV. — śíras-]
12548	śúṣka	1	2	dry	šúša [to dry (out)]	súkho	šúkho	šúku	šúku			gil:1003; koh:1004; gur:1005; Astor:1006	12548 śúṣka 'dried' RV., śuṣkaka- R. [√śuṣ¹]
12583	śŕ̥ṅga	1	2	horn	ṣing [horn]	ṣíṅo	ṣígo	šíṅu	ṣíṅ			gil:721; koh:722; gur:723; Astor:724	12583 śŕ̥ṅga n. 'horn' RV. [See *śrū-, *śruṅka-]
12619	śṓka	1	2	ashes			šóo					koh:255	12619 śṓka m. 'heat, pain, sorrow' RV. (śōká- 'hot' AV.). [√śuc]
12753	śváśura	1	3	father-in-law	šúur [father-in-law; husband's or wife's father]	šáyur	šéer	šéer	šáwur			gil:183; koh:184; gur:185; Astor:186	12753 śváśura m. 'husband's father' RV., 'wife's father' Sū., 'husband's or wife's father' cl., śvaśuraka- m. 'a poor or dear father-in-law' Pañcat.
12759	śvaśrū́	2	2	mother-in-law	preṣ [mother-in-law; husband's or wife's mother]	šaṣ	šaṣ	šaš; ṣaṣ	ṣaṣ			gil:213; koh:214; gur:215; gur:216; Astor:217	12759 śvaśrū́ f. 'husband's or wife's mother' RV.
12774	śvētá	2	2	white			šóo	šóo	šéeo			koh:1188; gur:1189; Astor:1190	12774 śvētá 'white' RV. [√śvit]
12803	ṣáṣ-,	1	1	six	ṣo [six]	ṣa	ṣa	ṣa	ṣa			gil:1133; koh:1134; gur:1135; Astor:1136	12803 ṣáṣ-, nom. ṣáṭ 'six' RV. 2. *ṣuvaṭ. 3. *kṣaṭ or *kṣvaṭ.
12815	sá¹,	1	1	he; they (m., dist., pl.?)	so [the; that (agr: rem nom masc)]			so; ses				gur:1200; gur:1238	12815 sá¹, sṓ nom. sg. m. pron. and pronom. adj. 'he, that', sā́ f. RV.: n., pl., and obl. forms from tá-. [sṓ &lt; sá u; *sē, the extension of which does not exactly agree with that of -ē &lt; -aḥ, is &lt; *sá ī or is MIA. &lt; RV. sḗd (sá íd) Pischel GrPk 299 or sḗm (sá īm). Forms in Kaf. and Dard. G. Morgenstierne IL v 361 ff.]
13139	saptá	2	2	seven	sáat [seven]	sat	sat	sat	sat			gil:1121; koh:1122; gur:1123; Astor:1124	13139 saptá '7' RV.
13386	síkatā	1	3	sand	sígal [sand (fine, black)]	sígal	sígal					gil:626; koh:627	13386 síkatā f. 'grain of sand', (usu. pl.) 'sand, gravel' VS., sigatā- f. Kap. [Collective formation from sika- in śvēta-sika-druka- 'scattering white sand' TĀr. 1. 12. 3 A. Sharma in Bhārata-kaumudī 873. Kaf. and some Dard. forms attest IA. ś- corresponding to Ir. θ- and s- (OPers. θikā-, Bal. six, Psht. šəga, &amp;c. EVP 73) and support E. Benveniste BSL xxx 60 in assumption that s- forms of Sk. and other Dard. languages and WPah. (which distinguish ś and s) are loans from or influenced by Iranian. Variations in Kaf. and Dard. of -g- ~ -k- and -l- ~ -t- may be due to borrowings within that group or to later Ir. influences or they may, in part at least, be due to suffix. variation like that of síkatā- ~ *sikatī- (in sikatyà- VS.) ~ siktā- lex. ~ *sikyā-]
13415	síndhu	1	2	river		sin	sin	sin	sin			gil:618; koh:619; gur:620; Astor:621	13415 síndhu f. 'river, the Indus', m. 'flow (in general), sea' RV.
13519	suvárṇa	2	3	gold		soṇ	soóṇ	soóṇ	soná			gil:1370; koh:1371; gur:1372; Astor:1373	13519 suvárṇa 'of bright colour, golden' RV., n. 'gold' AV., suvarṇaka- 'golden' Hariv. 2. saúvarṇa- 'golden' ŚrS., n. 'gold' MBh. — In many cases it is impossible to distinguish whether a NIA. form is derived from suvárṇa- or saúvarṇa-: they are therefore listed below together. [su-², várṇa-¹]
13574	sū́ra	1	2	sun; day	súuri [sun]	súuri	súuri	súuri	súuri			gil:425; koh:426; gur:427; gur:455; Astor:428	13574 sū́ra m. 'sun' RV. 2. sū́rya- m. 3. sū́riya- m. (metr.) RV. 4. sūrī- f. 'a name of Kuntī as wife of the  sun' Pāṇ.vārtt. 5. saurī́- (f. of saura- 'relating to the sun' MaitrUp.) f. 'wife of the sun' W., 'a name of Tapatī daughter of the sun' MBh. [svàr-]
13576	sŕ̥kvan	1	2	neck	ṣáak [rear shoulder]	ṣak	ṣak	ṣak	ṣak			gil:114; koh:115; gur:116; Astor:117	13576 sŕ̥kvan m. 'corner of mouth' RV., n. du. (sr̥kvaṇī, sr̥kkaṇī, whence acc. sg. sr̥kkaṇīm Kathās., du. sr̥kkanyau Suśr.) MBh., sr̥kva- (sr̥kka- n. lex.) m. or n. Suśr., sr̥kvi- n. lex., n. du. (sr̥kviṇī, sr̥kkiṇī, whence acc. sg. sr̥kviṇīm MBh. v.l., Pañcat.) MBh. 2. srákva- m. or n. 'corner of mouth, jaws' RV.
13627	skandhá	2	2	shoulder	káand [shoulder]		kaṇíi					koh:133	13627 skandhá m. 'shoulder, upper part of back' AV., 'trunk of tree, mass (esp. of an army)' MBh., skándhas- n. 'branching top of a tree' RV. [Absence of any trace of initial s- in Kafiri and Dardic supports possibility of IA. *kandha- beside sk° (unnecessarily assumed in ODBL 438 for NIA. k- which is dissim. from kh- before dh as prob. in Aś. agi-k{h}aṁdha-)]
13801	snuṣā́	2	2	daughter-in-law		nuúṣ	nuúṣ	nuúṣ	nuúṣ			gil:169; koh:170; gur:171; Astor:172	13801 snuṣā́ f. 'son's wife' AV.
13839	*sphiyá-,	2	2	shoulder; mattock (hoe)		phíco; phyóo~li	phíjo; pheélo	phíjo; phyóo~li	phéelo			gil:127; gil:331; koh:128; koh:332; gur:129; gur:333; Astor:134	13839 *sphiyá-, sphyá- '*scapula'. 2. m. 'flat piece of wood for stirring offerings of boiled rice or for trimming mound used as altar' AV., 'boom, spar' ŚBr., m.n. 'a kind of oar' R. [Both meanings in Ir. *phiya-: Wkh. fiáh 'shoulderblade', Shgh. fyak, Kurd. pil, pāwl 'shoulder' ~ Wkh. péi 'shovel', Sar. Ishk. féi, Shgh. fe: cf. K. L. Janert KZ 79, 89-111.
13913	svásr̥	1	2	sister		sa	sas	sas	sas			gil:226; koh:227; gur:228; Astor:229	13913 svásr̥ f. 'sister' RV. [For phonology of svásr̥- and distribution of it and bhaginī- see AO xxi 27 ff.]
14000	halá	2	2	plow	haál [plough]	hal	hal	hal	hal			gil:348; koh:349; gur:350; Astor:351	14000 halá¹ m.n. 'plough' MBh., hali- m. Daś.
14024	hásta	1	2	hand	haát [hand]	hat	hat	hat	hat			gil:76; koh:77; gur:78; Astor:79	14024 hásta m. 'hand' RV., 'forearm as measure of length' VarBr̥S.
14152	hŕ̥daya	1	3	heart	híṛu [heart]	híyo	hyúu	híi; híiu	hyúu			gil:84; koh:85; gur:86; gur:87; Astor:88	14152 hŕ̥daya n. 'heart' RV. [hr̥d-]
