ledger_id	source_table	source_row	family_id	record_id	language	status	explanation	unresolved	full_evidence
R001	old-long-screen-residuals.tsv	2	3735		Sh	conflicting	Palula c̣híitr/Biori c̣héetr and Schmidt/Degener Shina c̣héec̣ have early accent on the inherited long root, with Ashret raising ee to ii. Buddruss's Gilgit c̣heéc instead has late accent. This is a direct primary-source disagreement in a diagnostic old-long barytone family, and must appear in the exception/source table rather than be resolved by majority vote.	Check Buddruss's printed form and paradigm; source, speaker and consonant-transcription differences may accompany the accent difference.	"{""test"": ""old-long-barytone"", ""language"": ""Sh"", ""family_id"": ""3735"", ""expected"": ""E"", ""observed"": ""[\""E\"", \""L\""]"", ""status"": ""conflicting"", ""forms"": ""[\""c̣heéc [gil;buddruss-shina1996]\"", \""c̣héec̣ [Astor;schmidt]\"", \""c̣héec̣ [dr;schmidt]\"", \""c̣héec̣ [gil;degener-shina2008]\"", \""c̣héec̣ [gil;schmidt]\"", \""c̣héec̣ [gur;schmidt]\""]"", ""explanation"": ""Palula c̣híitr/Biori c̣héetr and Schmidt/Degener Shina c̣héec̣ have early accent on the inherited long root, with Ashret raising ee to ii. Buddruss's Gilgit c̣heéc instead has late accent. This is a direct primary-source disagreement in a diagnostic old-long barytone family, and must appear in the exception/source table rather than be resolved by majority vote."", ""unresolved"": ""Check Buddruss's printed form and paradigm; source, speaker and consonant-transcription differences may accompany the accent difference.""}"
R002	old-long-screen-residuals.tsv	3	10323		Sh	conflicting	Palula míi and Gilgit/Astori míi~ have early prominence compatible with old ē accent and subsequent contraction/raising. Guresi mií~ is late in the same comparative source, while Kohistani myú~ and Degener míu have more complex vowel sequences. This is a genuine dialectal contour residual until differences in grease versus marrow formation or inflection are demonstrated.	Verify the Guresi table against original print and analyze unequal-vowel sequences and semantic/case distinctions.	"{""test"": ""old-long-barytone"", ""language"": ""Sh"", ""family_id"": ""10323"", ""expected"": ""E"", ""observed"": ""[\""E\"", \""L\""]"", ""status"": ""conflicting"", ""forms"": ""[\""mií~ [gur;schmidt]\"", \""míi~ [Astor;schmidt]\"", \""míi~ [dr;schmidt]\"", \""míi~ [gil;schmidt]\""]"", ""explanation"": ""Palula míi and Gilgit/Astori míi~ have early prominence compatible with old ē accent and subsequent contraction/raising. Guresi mií~ is late in the same comparative source, while Kohistani myú~ and Degener míu have more complex vowel sequences. This is a genuine dialectal contour residual until differences in grease versus marrow formation or inflection are demonstrated."", ""unresolved"": ""Verify the Guresi table against original print and analyze unequal-vowel sequences and semantic/case distinctions.""}"
R003	old-long-screen-residuals.tsv	4	10512		Sh	opposite	Palula ǰhií~ and Gilgit ǰuú/ǰuú~ have late accent against the initially accented long-root yūkā/yūka input assigned by this family. Consonant loss and feminine morphology make contraction or inflectional reaccentuation plausible, but not proved. The same Palula louse lexeme is explicitly compared with jīvá by Turner5239, whose full entry was checked. These are competing etymologies for one lexeme, not two independent confirmations. The yūkā analysis remains a counterexample under that hypothesis; accent alone cannot select the alternative jīva analysis.	Compare complete louse paradigms and independent segmental correspondences before choosing yūkā versus jīva or reconstructing a feminine accent shift. Do not remove the late yūkā-family outcome solely to improve the old-barytone rule.	"{""test"": ""old-long-barytone"", ""language"": ""Sh"", ""family_id"": ""10512"", ""expected"": ""E"", ""observed"": ""[\""L\""]"", ""status"": ""opposite"", ""forms"": ""[\""juú [Astor;schmidt]\"", \""juú~ [gil;schmidt]\"", \""juú~ [gur;schmidt]\"", \""juú~ [koh;schmidt]\"", \""ǰuú [gil;degener-shina2008]\"", \""ǰuú~ [gil;degener-shina2008]\""]"", ""explanation"": ""Palula ǰhií~ and Gilgit ǰuú/ǰuú~ have late accent against the initially accented long-root yūkā/yūka input assigned by this family. Consonant loss and feminine morphology make contraction or inflectional reaccentuation plausible, but not proved. The same Palula louse lexeme is explicitly compared with jīvá by Turner5239, whose full entry was checked. These are competing etymologies for one lexeme, not two independent confirmations. The yūkā analysis remains a counterexample under that hypothesis; accent alone cannot select the alternative jīva analysis."", ""unresolved"": ""Compare complete louse paradigms and independent segmental correspondences before choosing yūkā versus jīva or reconstructing a feminine accent shift. Do not remove the late yūkā-family outcome solely to improve the old-barytone rule.""}"
R004	old-long-screen-residuals.tsv	5	10860		Sh	opposite	Gilgit ruú~ ‘heal’ is late-accented, but its verbal gloss and accompanying wa- indicate that the old noun rṓha may enter a modern predicate or light-verb construction. Deriving a bare verb directly from the noun's citation accent would therefore be unsafe. Loss of h and contraction are additional plausible sources of altered mora alignment that require an explicit intermediate.	Read the full Degener entry to determine grammatical structure and whether ruu is a nominal predicate or verb stem.	"{""test"": ""old-long-barytone"", ""language"": ""Sh"", ""family_id"": ""10860"", ""expected"": ""E"", ""observed"": ""[\""L\""]"", ""status"": ""opposite"", ""forms"": ""[\""ruú~ [gil;degener-shina2008]\""]"", ""explanation"": ""Gilgit ruú~ ‘heal’ is late-accented, but its verbal gloss and accompanying wa- indicate that the old noun rṓha may enter a modern predicate or light-verb construction. Deriving a bare verb directly from the noun's citation accent would therefore be unsafe. Loss of h and contraction are additional plausible sources of altered mora alignment that require an explicit intermediate."", ""unresolved"": ""Read the full Degener entry to determine grammatical structure and whether ruu is a nominal predicate or verb stem.""}"
R005	old-long-screen-residuals.tsv	6	9108		Phal	conflicting	Strand phʹîṇ ‘foam’ has early accent, whereas Liljegren phiíṇ ‘steam, vapour’ is late. Both have the raised vowel expected from an earlier early-accented ē stage, so the late modern form may involve subsequent reaccentuation or a semantic/lexical split. The two senses are related but must not be silently merged into one contradictory token or resolved by averaging sources.	Inspect each paradigm and speaker/dialect information to distinguish lexical split, variation and transcription disagreement.	"{""test"": ""old-long-barytone"", ""language"": ""Phal"", ""family_id"": ""9108"", ""expected"": ""E"", ""observed"": ""[\""E\"", \""L\""]"", ""status"": ""conflicting"", ""forms"": ""[\""phiíṇ [Phal;liljegren]\"", \""phʹîṇ [Phal;strand]\""]"", ""explanation"": ""Strand phʹîṇ ‘foam’ has early accent, whereas Liljegren phiíṇ ‘steam, vapour’ is late. Both have the raised vowel expected from an earlier early-accented ē stage, so the late modern form may involve subsequent reaccentuation or a semantic/lexical split. The two senses are related but must not be silently merged into one contradictory token or resolved by averaging sources."", ""unresolved"": ""Inspect each paradigm and speaker/dialect information to distinguish lexical split, variation and transcription disagreement.""}"
R006	old-long-screen-residuals.tsv	7	10512		Phal	opposite	Palula ǰhií~ and Gilgit ǰuú/ǰuú~ have late accent against the initially accented long-root yūkā/yūka input assigned by this family. Consonant loss and feminine morphology make contraction or inflectional reaccentuation plausible, but not proved. The same Palula louse lexeme is explicitly compared with jīvá by Turner5239, whose full entry was checked. These are competing etymologies for one lexeme, not two independent confirmations. The yūkā analysis remains a counterexample under that hypothesis; accent alone cannot select the alternative jīva analysis.	Compare complete louse paradigms and independent segmental correspondences before choosing yūkā versus jīva or reconstructing a feminine accent shift. Do not remove the late yūkā-family outcome solely to improve the old-barytone rule.	"{""test"": ""old-long-barytone"", ""language"": ""Phal"", ""family_id"": ""10512"", ""expected"": ""E"", ""observed"": ""[\""L\""]"", ""status"": ""opposite"", ""forms"": ""[\""ǰhií~ [Phal;liljegren]\"", \""ǰhîʹ˜ [Phal;strand]\""]"", ""explanation"": ""Palula ǰhií~ and Gilgit ǰuú/ǰuú~ have late accent against the initially accented long-root yūkā/yūka input assigned by this family. Consonant loss and feminine morphology make contraction or inflectional reaccentuation plausible, but not proved. The same Palula louse lexeme is explicitly compared with jīvá by Turner5239, whose full entry was checked. These are competing etymologies for one lexeme, not two independent confirmations. The yūkā analysis remains a counterexample under that hypothesis; accent alone cannot select the alternative jīva analysis."", ""unresolved"": ""Compare complete louse paradigms and independent segmental correspondences before choosing yūkā versus jīva or reconstructing a feminine accent shift. Do not remove the late yūkā-family outcome solely to improve the old-barytone rule.""}"
R007	old-long-screen-residuals.tsv	8	10702		Phal	opposite	Shina ráati retains initial root accent and final i. Palula feminine raát denotes a counted night-and-day period and has i-declension plural reetí; Strand Phal-r.html40–41 explicitly derives it from rā́tri10702. Ordinary Palula night is a separate fixed a-declension róot/róota, which Strand assigns to neuter rātra10700. The aa/ee i-declension screen now supplies an independently defined modern class for raát/reetí: 73 comparable citation/inflection form pairs, representing66 lexemes, all have late citation accent and final inflectional i accent. This explains its synchronic class membership without proving exactly when or how its inherited accent was reassigned. Kalkoti ordinary ràat is better compared semantically with róot; its Low still lacks an explanation from Palula aspiration alone.	The change from the old feminine rā́trī formation into the productive modern umlaut class needs a historical mechanism. Do not copy the neuter róot accent into the feminine counted-period noun, or infer the old neuter accent solely from its modern outcome.	"{""test"": ""old-long-barytone"", ""language"": ""Phal"", ""family_id"": ""10702"", ""expected"": ""E"", ""observed"": ""[\""L\""]"", ""status"": ""opposite"", ""forms"": ""[\""raát [Phal;liljegren]\"", \""râʹt [Phal;strand]\""]"", ""explanation"": ""Shina ráati retains initial root accent and final i. Palula feminine raát denotes a counted night-and-day period and has i-declension plural reetí; Strand Phal-r.html40–41 explicitly derives it from rā́tri10702. Ordinary Palula night is a separate fixed a-declension róot/róota, which Strand assigns to neuter rātra10700. The aa/ee i-declension screen now supplies an independently defined modern class for raát/reetí: 73 comparable citation/inflection form pairs, representing66 lexemes, all have late citation accent and final inflectional i accent. This explains its synchronic class membership without proving exactly when or how its inherited accent was reassigned. Kalkoti ordinary ràat is better compared semantically with róot; its Low still lacks an explanation from Palula aspiration alone."", ""unresolved"": ""The change from the old feminine rā́trī formation into the productive modern umlaut class needs a historical mechanism. Do not copy the neuter róot accent into the feminine counted-period noun, or infer the old neuter accent solely from its modern outcome.""}"
R008	old-long-screen-residuals.tsv	9	4336		Sh	conflicting	Palula ghoóṣṭ and independently Degener/Buddruss Gilgit goóṭ have late long accent, matching final-accent apocope. Kohistani/Guresi góoṣ is early, with fixed inflection documented elsewhere, requiring a real class difference. Schmidt's Gilgit góoṭ versus Astori goóṣ belongs to a known table reversal/conflict and cannot override the independent Gilgit sources. Aspiration migration in Palula and cluster reduction in Shina are separate preconditions.	Resolve the printed table readings and Astori paradigm; do not turn an editorial reversal into a geographic sound law.	"{""test"": ""old-long-oxytone"", ""language"": ""Sh"", ""family_id"": ""4336"", ""expected"": ""L"", ""observed"": ""[\""E\"", \""L\""]"", ""status"": ""conflicting"", ""forms"": ""[\""goóṣ [Astor;schmidt]\"", \""goóṭ [dr;schmidt]\"", \""goóṭ [gil;buddruss-shina1996]\"", \""goóṭ [gil;degener-shina2008]\"", \""góoṣ [gur;schmidt]\"", \""góoṣ [koh;schmidt]\"", \""góoṭ [gil;schmidt]\""]"", ""explanation"": ""Palula ghoóṣṭ and independently Degener/Buddruss Gilgit goóṭ have late long accent, matching final-accent apocope. Kohistani/Guresi góoṣ is early, with fixed inflection documented elsewhere, requiring a real class difference. Schmidt's Gilgit góoṭ versus Astori goóṣ belongs to a known table reversal/conflict and cannot override the independent Gilgit sources. Aspiration migration in Palula and cluster reduction in Shina are separate preconditions."", ""unresolved"": ""Resolve the printed table readings and Astori paradigm; do not turn an editorial reversal into a geographic sound law.""}"
R009	old-long-screen-residuals.tsv	10	4387		Sh	opposite	Gilgit gríi~ ‘collar’ has early root accent despite old final-accented ā. Loss of v and nasalization/derivational history distinguish this from a simple old long vowel plus final-a apocope case. Collar may be a derivative of the neck noun with a different suffix/accent, but that formation must be established. Brokskat grī ‘neck’ is unmarked.	The semantic derivative is plausible but does not yet explain early accent; retain as a residual pending the collar paradigm.	"{""test"": ""old-long-oxytone"", ""language"": ""Sh"", ""family_id"": ""4387"", ""expected"": ""L"", ""observed"": ""[\""E\""]"", ""status"": ""opposite"", ""forms"": ""[\""gríi~ [gil;degener-shina2008]\""]"", ""explanation"": ""Gilgit gríi~ ‘collar’ has early root accent despite old final-accented ā. Loss of v and nasalization/derivational history distinguish this from a simple old long vowel plus final-a apocope case. Collar may be a derivative of the neck noun with a different suffix/accent, but that formation must be established. Brokskat grī ‘neck’ is unmarked."", ""unresolved"": ""The semantic derivative is plausible but does not yet explain early accent; retain as a residual pending the collar paradigm.""}"
R010	old-long-screen-residuals.tsv	11	5958		Sh	conflicting	Degener teél and Buddruss's explicitly rare teél match final-accent apocope after ai-to-ee monophthongization. Buddruss's usual téel is early in the same entry. This is stronger evidence of actual lexical variation than a discrepancy between independently compiled dictionaries, because both alignments are printed as alternatives by one source. Kundal tɛ̄l is unmarked.	Investigate whether frequency, speaker, inflection or contact predicts the early variant; retain the usual/rare distinction in counts.	"{""test"": ""old-long-oxytone"", ""language"": ""Sh"", ""family_id"": ""5958"", ""expected"": ""L"", ""observed"": ""[\""E\"", \""L\""]"", ""status"": ""conflicting"", ""forms"": ""[\""teél [gil;buddruss-shina1996]\"", \""teél [gil;degener-shina2008]\"", \""téel [gil;buddruss-shina1996]\""]"", ""explanation"": ""Degener teél and Buddruss's explicitly rare teél match final-accent apocope after ai-to-ee monophthongization. Buddruss's usual téel is early in the same entry. This is stronger evidence of actual lexical variation than a discrepancy between independently compiled dictionaries, because both alignments are printed as alternatives by one source. Kundal tɛ̄l is unmarked."", ""unresolved"": ""Investigate whether frequency, speaker, inflection or contact predicts the early variant; retain the usual/rare distinction in counts.""}"
R011	old-long-screen-residuals.tsv	12	6495		Sh	conflicting	Gilgit duúr is late, compatible with final-accent apocope, whereas Kohistani/Guresi/Astori dúur is early. Palula dhúura retains a final vowel and early root prominence; its adverbial formation may therefore differ. The other Shina dialects remain early even with consonant-final citations, so retained modern endings alone do not explain the whole split. Kalkoti dùúr adds an independent L from aspiration history.	Test adjective versus adverb formation and inflection across dialects; aspiration cannot distinguish the main Shina early/late forms.	"{""test"": ""old-long-oxytone"", ""language"": ""Sh"", ""family_id"": ""6495"", ""expected"": ""L"", ""observed"": ""[\""E\"", \""L\""]"", ""status"": ""conflicting"", ""forms"": ""[\""duúr [gil;degener-shina2008]\"", \""duúr [gil;schmidt]\"", \""dúur [Astor;schmidt]\"", \""dúur [gur;schmidt]\"", \""dúur [koh;schmidt]\""]"", ""explanation"": ""Gilgit duúr is late, compatible with final-accent apocope, whereas Kohistani/Guresi/Astori dúur is early. Palula dhúura retains a final vowel and early root prominence; its adverbial formation may therefore differ. The other Shina dialects remain early even with consonant-final citations, so retained modern endings alone do not explain the whole split. Kalkoti dùúr adds an independent L from aspiration history."", ""unresolved"": ""Test adjective versus adverb formation and inflection across dialects; aspiration cannot distinguish the main Shina early/late forms.""}"
R012	old-long-screen-residuals.tsv	13	10016		Sh	conflicting	Gilgit and Kohistani maá~ have late long-root accent compatible with the old oxytone, while Guresi máa~ is early. Buddruss also gives early Gilgit máa~, conflicting with Schmidt and Degener within the same named dialect. Mother is an irregular kinship noun with possessive and address forms, so cell alignment must precede an explanation, but the source conflict remains real until those cells are demonstrated to differ.	Read the complete mother entries and possessive paradigms; do not force Buddruss into agreement by majority vote.	"{""test"": ""old-long-oxytone"", ""language"": ""Sh"", ""family_id"": ""10016"", ""expected"": ""L"", ""observed"": ""[\""E\"", \""L\""]"", ""status"": ""conflicting"", ""forms"": ""[\""maá~ [gil;degener-shina2008]\"", \""maá~ [gil;schmidt]\"", \""maá~ [koh;schmidt]\"", \""máa~ [gil;buddruss-shina1996]\"", \""máa~ [gur;schmidt]\""]"", ""explanation"": ""Gilgit and Kohistani maá~ have late long-root accent compatible with the old oxytone, while Guresi máa~ is early. Buddruss also gives early Gilgit máa~, conflicting with Schmidt and Degener within the same named dialect. Mother is an irregular kinship noun with possessive and address forms, so cell alignment must precede an explanation, but the source conflict remains real until those cells are demonstrated to differ."", ""unresolved"": ""Read the complete mother entries and possessive paradigms; do not force Buddruss into agreement by majority vote.""}"
R013	old-long-screen-residuals.tsv	14	12774		Sh	opposite	Gilgit šéeyo/Astori šéeo have early long-root prominence before an unaccented ending; Kohistani/Guresi šóo contracts the fuller sequence. The outcome fits root-final adjective reaccentuation from old final a, followed by dialectal contraction. Because the old root is monosyllabic, the class's locus prediction is clear but its historical -aka versus analogical extension requires independent morphology.	Read adjective paradigms and determine whether oo results from contracted root-plus-ending material rather than a direct ē shift.	"{""test"": ""old-long-oxytone"", ""language"": ""Sh"", ""family_id"": ""12774"", ""expected"": ""L"", ""observed"": ""[\""E\""]"", ""status"": ""opposite"", ""forms"": ""[\""šóo [gur;schmidt]\"", \""šóo [koh;schmidt]\""]"", ""explanation"": ""Gilgit šéeyo/Astori šéeo have early long-root prominence before an unaccented ending; Kohistani/Guresi šóo contracts the fuller sequence. The outcome fits root-final adjective reaccentuation from old final a, followed by dialectal contraction. Because the old root is monosyllabic, the class's locus prediction is clear but its historical -aka versus analogical extension requires independent morphology."", ""unresolved"": ""Read adjective paradigms and determine whether oo results from contracted root-plus-ending material rather than a direct ē shift.""}"
R014	old-long-screen-residuals.tsv	15	2426		Phal	opposite	Liljegren húuṇḍ has early long accent, whereas Strand hûʹnḍ- is late. Both show extensive rd(h)v cluster remodeling and aspiration placement. The late reading is compatible with old final-accent apocope if a long root survives; the early reading requires a different quantity chronology or accentual reanalysis. Treat the disagreement as source evidence rather than a dated change.	A single preferred accent cannot be selected without speaker/paradigm checks; short huṇḍ and directional suffixes may be relevant.	"{""test"": ""old-long-oxytone"", ""language"": ""Phal"", ""family_id"": ""2426"", ""expected"": ""L"", ""observed"": ""[\""E\""]"", ""status"": ""opposite"", ""forms"": ""[\""húuṇḍ [Phal;liljegren]\""]"", ""explanation"": ""Liljegren húuṇḍ has early long accent, whereas Strand hûʹnḍ- is late. Both show extensive rd(h)v cluster remodeling and aspiration placement. The late reading is compatible with old final-accent apocope if a long root survives; the early reading requires a different quantity chronology or accentual reanalysis. Treat the disagreement as source evidence rather than a dated change."", ""unresolved"": ""A single preferred accent cannot be selected without speaker/paradigm checks; short huṇḍ and directional suffixes may be relevant.""}"
R015	old-long-screen-residuals.tsv	16	4531		Phal	opposite	Palula ghróoṇ/Strand ghrʹôṇ is early and raised despite old final accent. Unlike the transparent kālá class, the outcome requires root prominence before the aa-to-oo change, making a recent retraction after raising insufficient. An action/result noun or older adjectival formation is a possible source, but no accented alternate is supplied in the current old entry.	Keep this as an early-retraction or formation residual; aspiration cannot explain the early raised long vowel.	"{""test"": ""old-long-oxytone"", ""language"": ""Phal"", ""family_id"": ""4531"", ""expected"": ""L"", ""observed"": ""[\""E\""]"", ""status"": ""opposite"", ""forms"": ""[\""ghróoṇ [Phal;liljegren]\"", \""ghrʹôṇ [Phal;strand]\""]"", ""explanation"": ""Palula ghróoṇ/Strand ghrʹôṇ is early and raised despite old final accent. Unlike the transparent kālá class, the outcome requires root prominence before the aa-to-oo change, making a recent retraction after raising insufficient. An action/result noun or older adjectival formation is a possible source, but no accented alternate is supplied in the current old entry."", ""unresolved"": ""Keep this as an early-retraction or formation residual; aspiration cannot explain the early raised long vowel.""}"
R016	old-long-screen-residuals.tsv	17	5182		Phal	opposite	Palula ǰóo is the citation for a paradigm whose present is ǰáanu and perfective ǰóolu. The old past participle jātá pertains specifically to the perfective; modern ǰóolu has early raised root prominence rather than mechanically retained final accent. The same modern lexeme is also represented under 5204, so those two Turner families are not independent confirmations.	Reconstruct the perfective -l formation and its root accent; count the paired present and perfective as one verbal complex in independence-sensitive analyses.	"{""test"": ""old-long-oxytone"", ""language"": ""Phal"", ""family_id"": ""5182"", ""expected"": ""L"", ""observed"": ""[\""E\""]"", ""status"": ""opposite"", ""forms"": ""[\""ǰóo [Phal;liljegren]\"", \""ǰúu [biori;liljegren]\""]"", ""explanation"": ""Palula ǰóo is the citation for a paradigm whose present is ǰáanu and perfective ǰóolu. The old past participle jātá pertains specifically to the perfective; modern ǰóolu has early raised root prominence rather than mechanically retained final accent. The same modern lexeme is also represented under 5204, so those two Turner families are not independent confirmations."", ""unresolved"": ""Reconstruct the perfective -l formation and its root accent; count the paired present and perfective as one verbal complex in independence-sensitive analyses.""}"
R017	old-long-screen-residuals.tsv	18	6547		Phal	opposite	Palula díiš/Biori déeš is fixed and early, against final-accented dēśá. Ashret raising proves that root accent was already early before the early-ee-to-ii change, so a late post-raising retraction is not enough. Liljegren explicitly identifies this as an unexplained earlier shift. An analogical relationship to another fixed village/place noun is possible, but requires independent evidence.	Retain as a diagnostic early retraction/formation residual; neither short-vowel lengthening nor aspiration explains it.	"{""test"": ""old-long-oxytone"", ""language"": ""Phal"", ""family_id"": ""6547"", ""expected"": ""L"", ""observed"": ""[\""E\""]"", ""status"": ""opposite"", ""forms"": ""[\""déeš [biori;liljegren]\"", \""díiš [Phal;liljegren]\""]"", ""explanation"": ""Palula díiš/Biori déeš is fixed and early, against final-accented dēśá. Ashret raising proves that root accent was already early before the early-ee-to-ii change, so a late post-raising retraction is not enough. Liljegren explicitly identifies this as an unexplained earlier shift. An analogical relationship to another fixed village/place noun is possible, but requires independent evidence."", ""unresolved"": ""Retain as a diagnostic early retraction/formation residual; neither short-vowel lengthening nor aspiration explains it.""}"
R018	old-long-screen-residuals.tsv	19	7047		Phal	conflicting	Palula neeṛíi ‘root’, early nóoṛ/Biori náaṛ ‘canal’, and Strand late nâʹṛ ‘tube/bamboo’ show distinct formations and senses. Early canal accent must predate Ashret aa raising; the late tube form is compatible with final-accent loss, while the root derivative retains an accented feminine ending with fronted stem. The old entry independently offers both consonant-final/short-a and long-ī formations, so the first headword is not the unique input.	Assign each sense to an independently supported old formation and retain the dictionary's nāḍi versus source nāḍī quantity correction; do not flatten the family into a single exception.	"{""test"": ""old-long-oxytone"", ""language"": ""Phal"", ""family_id"": ""7047"", ""expected"": ""L"", ""observed"": ""[\""E\"", \""L\""]"", ""status"": ""conflicting"", ""forms"": ""[\""náaṛ [biori;liljegren]\"", \""nâʹṛ [Phal;strand]\"", \""nóoṛ [Phal;liljegren]\"", \""nʹôṛ [Phal;strand]\""]"", ""explanation"": ""Palula neeṛíi ‘root’, early nóoṛ/Biori náaṛ ‘canal’, and Strand late nâʹṛ ‘tube/bamboo’ show distinct formations and senses. Early canal accent must predate Ashret aa raising; the late tube form is compatible with final-accent loss, while the root derivative retains an accented feminine ending with fronted stem. The old entry independently offers both consonant-final/short-a and long-ī formations, so the first headword is not the unique input."", ""unresolved"": ""Assign each sense to an independently supported old formation and retain the dictionary's nāḍi versus source nāḍī quantity correction; do not flatten the family into a single exception.""}"
R019	old-long-nominal-residuals.tsv	2	3735		Sh	residual	Palula c̣híitr/Biori c̣héetr and Schmidt/Degener Shina c̣héec̣ have early accent on the inherited long root, with Ashret raising ee to ii. Buddruss's Gilgit c̣heéc instead has late accent. This is a direct primary-source disagreement in a diagnostic old-long barytone family, and must appear in the exception/source table rather than be resolved by majority vote.	Check Buddruss's printed form and paradigm; source, speaker and consonant-transcription differences may accompany the accent difference.	"{""family_id"": ""3735"", ""language"": ""Sh"", ""input_class"": ""old-long-barytone"", ""expected"": ""E"", ""observed"": ""[\""E\"", \""L\""]"", ""forms"": ""[\""c̣heéc [buddruss-shina1996;gil]\"", \""c̣héec̣ [degener-shina2008;gil]\"", \""c̣héec̣ [schmidt;Astor]\"", \""c̣héec̣ [schmidt;dr]\"", \""c̣héec̣ [schmidt;gil]\"", \""c̣héec̣ [schmidt;gur]\""]"", ""analysis"": ""Palula c̣híitr/Biori c̣héetr and Schmidt/Degener Shina c̣héec̣ have early accent on the inherited long root, with Ashret raising ee to ii. Buddruss's Gilgit c̣heéc instead has late accent. This is a direct primary-source disagreement in a diagnostic old-long barytone family, and must appear in the exception/source table rather than be resolved by majority vote."", ""unresolved"": ""Check Buddruss's printed form and paradigm; source, speaker and consonant-transcription differences may accompany the accent difference.""}"
R020	old-long-nominal-residuals.tsv	3	9108		Phal	residual	Strand phʹîṇ ‘foam’ has early accent, whereas Liljegren phiíṇ ‘steam, vapour’ is late. Both have the raised vowel expected from an earlier early-accented ē stage, so the late modern form may involve subsequent reaccentuation or a semantic/lexical split. The two senses are related but must not be silently merged into one contradictory token or resolved by averaging sources.	Inspect each paradigm and speaker/dialect information to distinguish lexical split, variation and transcription disagreement.	"{""family_id"": ""9108"", ""language"": ""Phal"", ""input_class"": ""old-long-barytone"", ""expected"": ""E"", ""observed"": ""[\""E\"", \""L\""]"", ""forms"": ""[\""phiíṇ [liljegren;Phal]\"", \""phʹîṇ [strand;Phal]\""]"", ""analysis"": ""Strand phʹîṇ ‘foam’ has early accent, whereas Liljegren phiíṇ ‘steam, vapour’ is late. Both have the raised vowel expected from an earlier early-accented ē stage, so the late modern form may involve subsequent reaccentuation or a semantic/lexical split. The two senses are related but must not be silently merged into one contradictory token or resolved by averaging sources."", ""unresolved"": ""Inspect each paradigm and speaker/dialect information to distinguish lexical split, variation and transcription disagreement.""}"
R021	old-long-nominal-residuals.tsv	4	4336		Sh	residual	Palula ghoóṣṭ and independently Degener/Buddruss Gilgit goóṭ have late long accent, matching final-accent apocope. Kohistani/Guresi góoṣ is early, with fixed inflection documented elsewhere, requiring a real class difference. Schmidt's Gilgit góoṭ versus Astori goóṣ belongs to a known table reversal/conflict and cannot override the independent Gilgit sources. Aspiration migration in Palula and cluster reduction in Shina are separate preconditions.	Resolve the printed table readings and Astori paradigm; do not turn an editorial reversal into a geographic sound law.	"{""family_id"": ""4336"", ""language"": ""Sh"", ""input_class"": ""old-long-oxytone"", ""expected"": ""L"", ""observed"": ""[\""E\"", \""L\""]"", ""forms"": ""[\""goóṣ [schmidt;Astor]\"", \""goóṭ [buddruss-shina1996;gil]\"", \""goóṭ [degener-shina2008;gil]\"", \""goóṭ [schmidt;dr]\"", \""góoṣ [schmidt;gur]\"", \""góoṣ [schmidt;koh]\"", \""góoṭ [schmidt;gil]\""]"", ""analysis"": ""Palula ghoóṣṭ and independently Degener/Buddruss Gilgit goóṭ have late long accent, matching final-accent apocope. Kohistani/Guresi góoṣ is early, with fixed inflection documented elsewhere, requiring a real class difference. Schmidt's Gilgit góoṭ versus Astori goóṣ belongs to a known table reversal/conflict and cannot override the independent Gilgit sources. Aspiration migration in Palula and cluster reduction in Shina are separate preconditions."", ""unresolved"": ""Resolve the printed table readings and Astori paradigm; do not turn an editorial reversal into a geographic sound law.""}"
R022	old-long-nominal-residuals.tsv	5	5958		Sh	residual	Degener teél and Buddruss's explicitly rare teél match final-accent apocope after ai-to-ee monophthongization. Buddruss's usual téel is early in the same entry. This is stronger evidence of actual lexical variation than a discrepancy between independently compiled dictionaries, because both alignments are printed as alternatives by one source. Kundal tɛ̄l is unmarked.	Investigate whether frequency, speaker, inflection or contact predicts the early variant; retain the usual/rare distinction in counts.	"{""family_id"": ""5958"", ""language"": ""Sh"", ""input_class"": ""old-long-oxytone"", ""expected"": ""L"", ""observed"": ""[\""E\"", \""L\""]"", ""forms"": ""[\""teél [buddruss-shina1996;gil]\"", \""teél [degener-shina2008;gil]\"", \""téel [buddruss-shina1996;gil]\""]"", ""analysis"": ""Degener teél and Buddruss's explicitly rare teél match final-accent apocope after ai-to-ee monophthongization. Buddruss's usual téel is early in the same entry. This is stronger evidence of actual lexical variation than a discrepancy between independently compiled dictionaries, because both alignments are printed as alternatives by one source. Kundal tɛ̄l is unmarked."", ""unresolved"": ""Investigate whether frequency, speaker, inflection or contact predicts the early variant; retain the usual/rare distinction in counts.""}"
R023	old-long-nominal-residuals.tsv	6	4531		Phal	residual	Palula ghróoṇ/Strand ghrʹôṇ is early and raised despite old final accent. Unlike the transparent kālá class, the outcome requires root prominence before the aa-to-oo change, making a recent retraction after raising insufficient. An action/result noun or older adjectival formation is a possible source, but no accented alternate is supplied in the current old entry.	Keep this as an early-retraction or formation residual; aspiration cannot explain the early raised long vowel.	"{""family_id"": ""4531"", ""language"": ""Phal"", ""input_class"": ""old-long-oxytone"", ""expected"": ""L"", ""observed"": ""[\""E\""]"", ""forms"": ""[\""ghróoṇ [liljegren;Phal]\"", \""ghrʹôṇ [strand;Phal]\""]"", ""analysis"": ""Palula ghróoṇ/Strand ghrʹôṇ is early and raised despite old final accent. Unlike the transparent kālá class, the outcome requires root prominence before the aa-to-oo change, making a recent retraction after raising insufficient. An action/result noun or older adjectival formation is a possible source, but no accented alternate is supplied in the current old entry."", ""unresolved"": ""Keep this as an early-retraction or formation residual; aspiration cannot explain the early raised long vowel.""}"
R024	old-long-nominal-residuals.tsv	7	6547		Phal	residual	Palula díiš/Biori déeš is fixed and early, against final-accented dēśá. Ashret raising proves that root accent was already early before the early-ee-to-ii change, so a late post-raising retraction is not enough. Liljegren explicitly identifies this as an unexplained earlier shift. An analogical relationship to another fixed village/place noun is possible, but requires independent evidence.	Retain as a diagnostic early retraction/formation residual; neither short-vowel lengthening nor aspiration explains it.	"{""family_id"": ""6547"", ""language"": ""Phal"", ""input_class"": ""old-long-oxytone"", ""expected"": ""L"", ""observed"": ""[\""E\""]"", ""forms"": ""[\""déeš [liljegren;biori]\"", \""díiš [liljegren;Phal]\""]"", ""analysis"": ""Palula díiš/Biori déeš is fixed and early, against final-accented dēśá. Ashret raising proves that root accent was already early before the early-ee-to-ii change, so a late post-raising retraction is not enough. Liljegren explicitly identifies this as an unexplained earlier shift. An analogical relationship to another fixed village/place noun is possible, but requires independent evidence."", ""unresolved"": ""Retain as a diagnostic early retraction/formation residual; neither short-vowel lengthening nor aspiration explains it.""}"
R025	palula-short-a-pairs.tsv	2	"[""242""]"	"[""f_lbmo2ellmbrdi"", ""f_llss66zccqc7a""]"	Phal	opposite	"[""Palula aáǰ, independently late in Strand, opposes the general early contour of newly lengthened unaspirated short a in a closed monosyllable. Biori aǰ and short Shina aš show that the modern late long vowel is a branch-specific result, while the old final accent offers an inherited source for right-edge prominence. Either quantity was restored before the late-lengthening rule or this high-frequency adverb escaped its normal assignment.""]"		"{""biori"": ""aǰ"", ""gloss"": ""today"", ""family_ids"": ""[\""242\""]"", ""input_class"": ""short-a-without-h"", ""expected"": ""E"", ""ashret_forms"": ""[\""aáǰ\""]"", ""observed"": ""[\""L\""]"", ""record_ids"": ""[\""f_lbmo2ellmbrdi\"", \""f_llss66zccqc7a\""]"", ""inflections"": ""[[\""not-recorded\"", \""\""]]"", ""explanations"": ""[\""Palula aáǰ, independently late in Strand, opposes the general early contour of newly lengthened unaspirated short a in a closed monosyllable. Biori aǰ and short Shina aš show that the modern late long vowel is a branch-specific result, while the old final accent offers an inherited source for right-edge prominence. Either quantity was restored before the late-lengthening rule or this high-frequency adverb escaped its normal assignment.\""]"", ""status"": ""opposite""}"
R026	palula-short-a-pairs.tsv	9	"[""3792"", ""13627""]"	"[""f_gecdeusqdghyo"", ""f_ma6j5px33fee6"", ""f_mgz7vtmsj5v2k"", ""f_pk7mdyfdru6se""]"	Phal	opposite	"[""Biori khaṇ and Shina khaṇ/khoṇ establish a short root; Ashret kháaṇ and Strand khʹâṇ are early despite an aspirated onset, opposing the otherwise productive late closed-a lengthening condition. Changing the old etymon to skandha would not by itself fix that modern conditioning problem. The Biori dictionary equivalent rauléi is a lexical replacement, not a sound outcome of khaṇḍá."", ""Palula káand/káan versus Biori kan supports a short stage followed by early western lengthening. Kohistani kaṇíi ‘shoulder’ instead has a final accented feminine formation. Mountain kháaṇ is also linked to khaṇḍa elsewhere and remains an aspiration/early-lengthening residual, while Biori rauléi is a segmentally unrelated lexical replacement. Those mountain and replacement records must not determine the shoulder's sound correspondence.""]"		"{""biori"": ""khaṇ"", ""gloss"": ""mountain; mountain pass; Lowari Pass"", ""family_ids"": ""[\""3792\"", \""13627\""]"", ""input_class"": ""short-a-with-h"", ""expected"": ""L"", ""ashret_forms"": ""[\""kháaṇ\""]"", ""observed"": ""[\""E\""]"", ""record_ids"": ""[\""f_gecdeusqdghyo\"", \""f_ma6j5px33fee6\"", \""f_mgz7vtmsj5v2k\"", \""f_pk7mdyfdru6se\""]"", ""inflections"": ""[[\""root-retaining\"", \""a-decl (Obl, pl): -a\""]]"", ""explanations"": ""[\""Biori khaṇ and Shina khaṇ/khoṇ establish a short root; Ashret kháaṇ and Strand khʹâṇ are early despite an aspirated onset, opposing the otherwise productive late closed-a lengthening condition. Changing the old etymon to skandha would not by itself fix that modern conditioning problem. The Biori dictionary equivalent rauléi is a lexical replacement, not a sound outcome of khaṇḍá.\"", \""Palula káand/káan versus Biori kan supports a short stage followed by early western lengthening. Kohistani kaṇíi ‘shoulder’ instead has a final accented feminine formation. Mountain kháaṇ is also linked to khaṇḍa elsewhere and remains an aspiration/early-lengthening residual, while Biori rauléi is a segmentally unrelated lexical replacement. Those mountain and replacement records must not determine the shoulder's sound correspondence.\""]"", ""status"": ""opposite""}"
R027	palula-short-a-pairs.tsv	16	"[""6628""]"	"[""f_gwlbk3wvxksls"", ""f_yzdlwulp7kem2""]"	Phal	opposite	"[""Biori dhrac̣ and short Shina grape forms support an earlier short root, while Ashret dhráac̣ is early despite aspiration. It is therefore a genuine counterexample to unrestricted aspirated closed-a late lengthening, like ‘mountain’. The old entry's long/short and barytone/oxytone variants cannot alone explain the modern conditioning failure. The compound wild-vine forms have additional feminine morphology.""]"		"{""biori"": ""dhrac̣"", ""gloss"": ""grape"", ""family_ids"": ""[\""6628\""]"", ""input_class"": ""short-a-with-h"", ""expected"": ""L"", ""ashret_forms"": ""[\""dhráac̣\""]"", ""observed"": ""[\""E\""]"", ""record_ids"": ""[\""f_gwlbk3wvxksls\"", \""f_yzdlwulp7kem2\""]"", ""inflections"": ""[[\""root-retaining\"", \""a-decl (Obl, pl): -a\""]]"", ""explanations"": ""[\""Biori dhrac̣ and short Shina grape forms support an earlier short root, while Ashret dhráac̣ is early despite aspiration. It is therefore a genuine counterexample to unrestricted aspirated closed-a late lengthening, like ‘mountain’. The old entry's long/short and barytone/oxytone variants cannot alone explain the modern conditioning failure. The compound wild-vine forms have additional feminine morphology.\""]"", ""status"": ""opposite""}"
R028	palula-umlaut-i-nouns.tsv	3	1577	f_idnbwdlalthls	Phal	excluded-unmatched-paradigm	Biori niildhráal rainbow and izreeṇí are segmentally different stems. The dictionary attaches the izraáṇ inflection to its lexical variant; the actual inflection of niildhráal is not supplied. Its early accent remains a fact, but this row cannot test the aa/ee paradigm rule. A blue nīl- compound is only a lead until the remaining component is independently identified.		"{""record_id"": ""f_idnbwdlalthls"", ""family_id"": ""1577"", ""citation"": ""niildhráal"", ""gloss"": ""rainbow"", ""inflected"": ""izreeṇí"", ""inflection_cells"": ""Obl"", ""dialect"": ""dialect:Phal:biori:Biori"", ""citation_outcome"": ""E"", ""citation_accent_from_right"": ""1"", ""inflected_outcome"": ""S"", ""inflected_accent_from_right"": ""1"", ""prediction"": ""citation-final-root-L; inflected-final-short-i-accent"", ""status"": ""excluded-unmatched-paradigm"", ""description"": ""Inflection: i-decl (Obl): izreeṇí; Variant restriction: Biori"", ""adjudication"": ""unmatched-synonym-and-inflection"", ""analysis"": ""Biori niildhráal rainbow and izreeṇí are segmentally different stems. The dictionary attaches the izraáṇ inflection to its lexical variant; the actual inflection of niildhráal is not supplied. Its early accent remains a fact, but this row cannot test the aa/ee paradigm rule. A blue nīl- compound is only a lead until the remaining component is independently identified.""}"
R029	palula-i-decl-extension.tsv	42		f_btzw7q43us6ic	Phal	excluded-unverified-variant-paradigm	The full source inflection accents final i. Citation accent is retained as a separate outcome; the class was selected by consonant-final citation and source i-declension, not by either accent. Biori thupéek is a variant of toobaák but the attached toobakí inflection belongs to the main lemma. The distinct stem frame and vowel history make this an unverified dialect paradigm, like the rainbow synonym problem; retain the real early citation accent but exclude this pair from the strict paradigm test.		"{""record_id"": ""f_btzw7q43us6ic"", ""family_id"": """", ""citation"": ""thupéek"", ""gloss"": ""gun; rifle"", ""inflected"": ""toobakí"", ""citation_outcome"": ""E"", ""citation_position"": ""1"", ""inflected_outcome"": ""S"", ""inflected_position"": ""1"", ""quantity_pattern"": ""SL"", ""inflected_quantity_pattern"": ""LSS"", ""status"": ""excluded-unverified-variant-paradigm"", ""analysis"": ""The full source inflection accents final i. Citation accent is retained as a separate outcome; the class was selected by consonant-final citation and source i-declension, not by either accent. Biori thupéek is a variant of toobaák but the attached toobakí inflection belongs to the main lemma. The distinct stem frame and vowel history make this an unverified dialect paradigm, like the rainbow synonym problem; retain the real early citation accent but exclude this pair from the strict paradigm test."", ""description"": ""Inflection: i-decl (Obl, pl): toobakí; Morphemic form: toobák; Variant restriction: Biori""}"
R030	vowel-raising-reviewed.tsv	15		"[""f_lbo5y3fqj2la4"", ""f_6mtdurggxxe6y""]"	Phal	other-quality	Same consonantal frame and gloss; the Biori early long vowel is in the final closed syllable. Test aa→oo or ee→ii without changing the prediction for residuals. Liljegren2009pp21–25 explicitly reconstructs *au for čáar/čúur. This is an alternative proto-vowel analysis, not an exceptionless prediction from Biori aa alone.		"{""biori"": ""čáar"", ""ashret"": ""čúur"", ""gloss"": ""four"", ""biori_family"": ""4655"", ""ashret_family"": ""4655"", ""biori_quality"": ""a"", ""ashret_quality"": ""u"", ""biori_quantity"": ""L"", ""ashret_quantity"": ""L"", ""biori_accent"": ""E"", ""biori_accent_position"": ""1"", ""ashret_accent"": ""E"", ""ashret_accent_position"": ""1"", ""record_ids"": ""[\""f_lbo5y3fqj2la4\"", \""f_6mtdurggxxe6y\""]"", ""biori_description"": ""Morphemic form: čáur; Variant restriction: Biori"", ""ashret_description"": ""Morphemic form: čáur"", ""tested_nucleus"": ""1"", ""biori_test_vowel"": ""a"", ""ashret_test_vowel"": ""u"", ""tested_syllable_domain"": ""word-final-closed"", ""expected_raised_quality"": ""o"", ""input_class"": ""Biori-early-a-long-final-closed"", ""predicted_quality"": ""o"", ""status"": ""other-quality"", ""special_analysis"": ""proto-au-proposal-in-primary-literature"", ""analysis"": ""Same consonantal frame and gloss; the Biori early long vowel is in the final closed syllable. Test aa→oo or ee→ii without changing the prediction for residuals. Liljegren2009pp21–25 explicitly reconstructs *au for čáar/čúur. This is an alternative proto-vowel analysis, not an exceptionless prediction from Biori aa alone.""}"
R031	vowel-raising-reviewed.tsv	18		"[""f_o6calhkmzwrkm"", ""f_qkuc5sn57e4ze""]"	Phal	other-quality	Same consonantal frame and gloss; the Biori early long vowel is in the final closed syllable. Test aa→oo or ee→ii without changing the prediction for residuals. dhráak/dhrúuk has uu instead of predicted oo. Extending the *au reconstruction solely to fit this outcome would be circular; seek independent inflectional or older-source evidence.		"{""biori"": ""dhráak"", ""ashret"": ""dhrúuk"", ""gloss"": ""stream; streambed, gorge"", ""biori_family"": ""6429"", ""ashret_family"": ""6429"", ""biori_quality"": ""a"", ""ashret_quality"": ""u"", ""biori_quantity"": ""L"", ""ashret_quantity"": ""L"", ""biori_accent"": ""E"", ""biori_accent_position"": ""1"", ""ashret_accent"": ""E"", ""ashret_accent_position"": ""1"", ""record_ids"": ""[\""f_o6calhkmzwrkm\"", \""f_qkuc5sn57e4ze\""]"", ""biori_description"": ""Inflection: a-decl (Obl, pl): -a; Variant restriction: Biori"", ""ashret_description"": ""Inflection: a-decl (Obl, pl): -a"", ""tested_nucleus"": ""1"", ""biori_test_vowel"": ""a"", ""ashret_test_vowel"": ""u"", ""tested_syllable_domain"": ""word-final-closed"", ""expected_raised_quality"": ""o"", ""input_class"": ""Biori-early-a-long-final-closed"", ""predicted_quality"": ""o"", ""status"": ""other-quality"", ""special_analysis"": ""unresolved-aa-to-uu"", ""analysis"": ""Same consonantal frame and gloss; the Biori early long vowel is in the final closed syllable. Test aa→oo or ee→ii without changing the prediction for residuals. dhráak/dhrúuk has uu instead of predicted oo. Extending the *au reconstruction solely to fit this outcome would be circular; seek independent inflectional or older-source evidence.""}"
R032	vowel-raising-reviewed.tsv	38		"[""f_e6d7bfzy6eqy6"", ""f_5t7zez6ciunua""]"	Phal	other-quality	Same consonantal frame and gloss; the Biori early long vowel is in the final closed syllable. Test aa→oo or ee→ii without changing the prediction for residuals. Liljegren2009p25 explicitly includes šiláak/šilúuk in the proposed proto-au class. The OIA śloka connection and intermediate vowel history require their own argument.		"{""biori"": ""šiláak"", ""ashret"": ""šilúuk"", ""gloss"": ""story, tale"", ""biori_family"": ""12748"", ""ashret_family"": ""12748"", ""biori_quality"": ""ia"", ""ashret_quality"": ""iu"", ""biori_quantity"": ""SL"", ""ashret_quantity"": ""SL"", ""biori_accent"": ""E"", ""biori_accent_position"": ""2"", ""ashret_accent"": ""E"", ""ashret_accent_position"": ""2"", ""record_ids"": ""[\""f_e6d7bfzy6eqy6\"", \""f_5t7zez6ciunua\""]"", ""biori_description"": ""Inflection: a-decl (Obl, pl): -a; Variant restriction: Biori"", ""ashret_description"": ""Inflection: a-decl (Obl, pl): -a"", ""tested_nucleus"": ""2"", ""biori_test_vowel"": ""a"", ""ashret_test_vowel"": ""u"", ""tested_syllable_domain"": ""word-final-closed"", ""expected_raised_quality"": ""o"", ""input_class"": ""Biori-early-a-long-final-closed"", ""predicted_quality"": ""o"", ""status"": ""other-quality"", ""special_analysis"": ""proto-au-proposal-in-primary-literature"", ""analysis"": ""Same consonantal frame and gloss; the Biori early long vowel is in the final closed syllable. Test aa→oo or ee→ii without changing the prediction for residuals. Liljegren2009p25 explicitly includes šiláak/šilúuk in the proposed proto-au class. The OIA śloka connection and intermediate vowel history require their own argument.""}"
R033	vowel-raising-reviewed.tsv	39		"[""f_4ztuj6gmg7reg"", ""f_nyc3xud7fztig""]"	Phal	other-quality	Same consonantal frame and gloss; the Biori early long vowel is in the final closed syllable. Test aa→oo or ee→ii without changing the prediction for residuals. Liljegren2009p21 cites ša(w)úra household of father-in-law as independent internal evidence for *au. The šáar/šúur correspondence cannot be derived from an undifferentiated proto-aa class.		"{""biori"": ""šáar"", ""ashret"": ""šúur"", ""gloss"": ""father-in-law; husband's or wife's father"", ""biori_family"": ""12753"", ""ashret_family"": ""12753"", ""biori_quality"": ""a"", ""ashret_quality"": ""u"", ""biori_quantity"": ""L"", ""ashret_quantity"": ""L"", ""biori_accent"": ""E"", ""biori_accent_position"": ""1"", ""ashret_accent"": ""E"", ""ashret_accent_position"": ""1"", ""record_ids"": ""[\""f_4ztuj6gmg7reg\"", \""f_nyc3xud7fztig\""]"", ""biori_description"": ""Inflection: a-decl (Obl): šúura; Morphemic form: šáur; Variant restriction: Biori"", ""ashret_description"": ""Inflection: a-decl (Obl): šúura; Morphemic form: šáur"", ""tested_nucleus"": ""1"", ""biori_test_vowel"": ""a"", ""ashret_test_vowel"": ""u"", ""tested_syllable_domain"": ""word-final-closed"", ""expected_raised_quality"": ""o"", ""input_class"": ""Biori-early-a-long-final-closed"", ""predicted_quality"": ""o"", ""status"": ""other-quality"", ""special_analysis"": ""proto-au-with-internal-w-alternation"", ""analysis"": ""Same consonantal frame and gloss; the Biori early long vowel is in the final closed syllable. Test aa→oo or ee→ii without changing the prediction for residuals. Liljegren2009p21 cites ša(w)úra household of father-in-law as independent internal evidence for *au. The šáar/šúur correspondence cannot be derived from an undifferentiated proto-aa class.""}"
R034	vowel-raising-reviewed.tsv	55		"[""f_2zvz3oqjh6ipw"", ""f_gxslzxzth47ny""]"	Phal	other-quality	Same consonantal frame and gloss; the Biori early long vowel is in the final closed syllable. Test aa→oo or ee→ii without changing the prediction for residuals. dhráa~ṣ/dhrúu~ṣ is a place name with a separate local transmission history. Neither its proper-name status nor a proposed *au automatically explains the correspondence.		"{""biori"": ""dhráa~ṣ"", ""ashret"": ""dhrúu~ṣ"", ""gloss"": ""Drosh (bazaar town in southern Chitral); sub-district (tehsil) centre for the area where Palula is spoken"", ""biori_family"": """", ""ashret_family"": """", ""biori_quality"": ""a"", ""ashret_quality"": ""u"", ""biori_quantity"": ""L"", ""ashret_quantity"": ""L"", ""biori_accent"": ""E"", ""biori_accent_position"": ""1"", ""ashret_accent"": ""E"", ""ashret_accent_position"": ""1"", ""record_ids"": ""[\""f_2zvz3oqjh6ipw\"", \""f_gxslzxzth47ny\""]"", ""biori_description"": ""Inflection: a-decl (Obl): -a; Variant restriction: Biori"", ""ashret_description"": ""Inflection: a-decl (Obl): -a"", ""tested_nucleus"": ""1"", ""biori_test_vowel"": ""a"", ""ashret_test_vowel"": ""u"", ""tested_syllable_domain"": ""word-final-closed"", ""expected_raised_quality"": ""o"", ""input_class"": ""Biori-early-a-long-final-closed"", ""predicted_quality"": ""o"", ""status"": ""other-quality"", ""special_analysis"": ""place-name-aa-to-uu"", ""analysis"": ""Same consonantal frame and gloss; the Biori early long vowel is in the final closed syllable. Test aa→oo or ee→ii without changing the prediction for residuals. dhráa~ṣ/dhrúu~ṣ is a place name with a separate local transmission history. Neither its proper-name status nor a proposed *au automatically explains the correspondence.""}"
R035	vowel-raising-reviewed.tsv	63		"[""f_kbwratzfppgig"", ""f_k7mwkmwaaoyac""]"	Phal	other-quality	Same consonantal frame and gloss; the Biori early long vowel is in the final closed syllable. Test aa→oo or ee→ii without changing the prediction for residuals. máaṛ/múuṛ has uu rather than oo. A former diphthong is possible but not independently established by this pair; retain as a genuine residual of the surface aa-to-oo prediction.		"{""biori"": ""máaṛ"", ""ashret"": ""múuṛ"", ""gloss"": ""lap"", ""biori_family"": """", ""ashret_family"": """", ""biori_quality"": ""a"", ""ashret_quality"": ""u"", ""biori_quantity"": ""L"", ""ashret_quantity"": ""L"", ""biori_accent"": ""E"", ""biori_accent_position"": ""1"", ""ashret_accent"": ""E"", ""ashret_accent_position"": ""1"", ""record_ids"": ""[\""f_kbwratzfppgig\"", \""f_k7mwkmwaaoyac\""]"", ""biori_description"": ""Inflection: a-decl (Obl, pl): -a; Variant restriction: Biori"", ""ashret_description"": ""Inflection: a-decl (Obl, pl): -a"", ""tested_nucleus"": ""1"", ""biori_test_vowel"": ""a"", ""ashret_test_vowel"": ""u"", ""tested_syllable_domain"": ""word-final-closed"", ""expected_raised_quality"": ""o"", ""input_class"": ""Biori-early-a-long-final-closed"", ""predicted_quality"": ""o"", ""status"": ""other-quality"", ""special_analysis"": ""unresolved-aa-to-uu"", ""analysis"": ""Same consonantal frame and gloss; the Biori early long vowel is in the final closed syllable. Test aa→oo or ee→ii without changing the prediction for residuals. máaṛ/múuṛ has uu rather than oo. A former diphthong is possible but not independently established by this pair; retain as a genuine residual of the surface aa-to-oo prediction.""}"
R036	kalkoti-palula-combined.tsv	7	4368		Kalk/Phal	residual	Village ghróom/draám is a genuine counterexample to the simple Palula E→Kalkoti no-High mapping. Hultman Table6p12 explicitly prints draám beside ghróom. A former extra ending, analogical reaccentuation or contact could explain it, but none is independently demonstrated. Palula ghr also fails to predict Low here; do not hide that second issue.		"{""input_class"": ""Palula-E-without-short-final-vowel"", ""family_id"": ""4368"", ""palula"": ""ghróom"", ""glosses"": ""[\""village\""]"", ""kalkoti_forms"": ""[\""draam\"", \""draám\""]"", ""observed"": ""[\""final-High-or-rising\""]"", ""status"": ""residual"", ""sources"": ""[\""hultman2023kalkoti\"", \""kalkoti\""]"", ""exclusions"": ""[]"", ""adjudication"": ""Village ghróom/draám is a genuine counterexample to the simple Palula E→Kalkoti no-High mapping. Hultman Table6p12 explicitly prints draám beside ghróom. A former extra ending, analogical reaccentuation or contact could explain it, but none is independently demonstrated. Palula ghr also fails to predict Low here; do not hide that second issue.""}"
R037	kalkoti-palula-combined.tsv	14	6658		Kalk/Phal	residual	Twelve bóoš/baáš differs in High location. It is an independently identifiable teen compound, and the Kalkoti teen series is reaccented toward the -eéš/-aáš element; report it as compound-series remodeling, not an exceptionless simplex rule.		"{""input_class"": ""Palula-E-without-short-final-vowel"", ""family_id"": ""6658"", ""palula"": ""bóoš"", ""glosses"": ""[\""twelve\""]"", ""kalkoti_forms"": ""[\""baaš\"", \""baáš\""]"", ""observed"": ""[\""final-High-or-rising\""]"", ""status"": ""residual"", ""sources"": ""[\""hultman2023kalkoti\"", \""kalkoti\""]"", ""exclusions"": ""[]"", ""adjudication"": ""Twelve bóoš/baáš differs in High location. It is an independently identifiable teen compound, and the Kalkoti teen series is reaccented toward the -eéš/-aáš element; report it as compound-series remodeling, not an exceptionless simplex rule.""}"
R038	kalkoti-palula-combined.tsv	20	9828		Kalk/Phal	residual	Man míiš/meéš is Hultman’s explicit counterexample. Palula míiš is EARLY (also Strand mʹîš), not miíš. Its competing manuṣya/martya ancestry and remodeled plurals do not independently establish the missing Kalkoti ending. Keep the High source unresolved.		"{""input_class"": ""Palula-E-without-short-final-vowel"", ""family_id"": ""9828"", ""palula"": ""míiš"", ""glosses"": ""[\""man\""]"", ""kalkoti_forms"": ""[\""meeš\"", \""meéš\""]"", ""observed"": ""[\""final-High-or-rising\""]"", ""status"": ""residual"", ""sources"": ""[\""hultman2023kalkoti\"", \""kalkoti\""]"", ""exclusions"": ""[]"", ""adjudication"": ""Man míiš/meéš is Hultman’s explicit counterexample. Palula míiš is EARLY (also Strand mʹîš), not miíš. Its competing manuṣya/martya ancestry and remodeled plurals do not independently establish the missing Kalkoti ending. Keep the High source unresolved.""}"
R039	kalkoti-palula-combined.tsv	34	6001		Kalk/Phal	residual	Thirteen tríiš/treéš joins the independently recognizable Kalkoti teen series with final High. This is compound-series reaccentuation; the old first-accented tráyōdaśa is not a transparent unextended monosyllabic input.		"{""input_class"": ""Palula-E-without-short-final-vowel"", ""family_id"": ""6001"", ""palula"": ""tríiš"", ""glosses"": ""[\""thirteen\""]"", ""kalkoti_forms"": ""[\""treéš\""]"", ""observed"": ""[\""final-High-or-rising\""]"", ""status"": ""residual"", ""sources"": ""[\""hultman2023kalkoti\""]"", ""exclusions"": ""[]"", ""adjudication"": ""Thirteen tríiš/treéš joins the independently recognizable Kalkoti teen series with final High. This is compound-series reaccentuation; the old first-accented tráyōdaśa is not a transparent unextended monosyllabic input.""}"
R040	kalkoti-palula-combined.tsv	37	4287		Kalk/Phal	Low-interaction	Wheat ghoóm/goom has a documented low-level contour in 2013, alongside secondary aspiration/metathesis in Palula. It is not an unmarked no-tone observation.		"{""input_class"": ""Palula-L-without-short-final-vowel"", ""family_id"": ""4287"", ""palula"": ""ghoóm"", ""glosses"": ""[\""wheat\""]"", ""kalkoti_forms"": ""[\""ɡoom\""]"", ""observed"": ""[\""Low-without-marked-High\""]"", ""status"": ""Low-interaction"", ""sources"": ""[\""kalkoti\""]"", ""exclusions"": ""[]"", ""adjudication"": ""Wheat ghoóm/goom has a documented low-level contour in 2013, alongside secondary aspiration/metathesis in Palula. It is not an unmarked no-tone observation.""}"
R041	kalkoti-palula-combined.tsv	38	5589		Kalk/Phal	Low-interaction	Belly ḍheér/ḍä̀är has the same Palula L versus Kalkoti Low pattern as salt and wheat. Old root-quantity variants prevent identifying its older mora history from the headword alone.		"{""input_class"": ""Palula-L-without-short-final-vowel"", ""family_id"": ""5589"", ""palula"": ""ḍheér"", ""glosses"": ""[\""belly\""]"", ""kalkoti_forms"": ""[\""ḍä̀är\""]"", ""observed"": ""[\""Low-without-marked-High\""]"", ""status"": ""Low-interaction"", ""sources"": ""[\""hultman2023kalkoti\"", \""kalkoti\""]"", ""exclusions"": ""[]"", ""adjudication"": ""Belly ḍheér/ḍä̀är has the same Palula L versus Kalkoti Low pattern as salt and wheat. Old root-quantity variants prevent identifying its older mora history from the headword alone.""}"
R042	kalkoti-palula-combined.tsv	39	9349		Kalk/Phal	Low-interaction	Palula bheéṇ/Strand bhêʹṇ has late ee after contraction and final-vowel loss. Kalkoti bään belongs to the explicitly low-level set in Liljegren 2013. The old feminine formation and multiple medial-loss stages independently distinguish it from a simple long-root noun; neither parent bhága nor bhagín can be assigned as its accent without argument.		"{""input_class"": ""Palula-L-without-short-final-vowel"", ""family_id"": ""9349"", ""palula"": ""bheéṇ"", ""glosses"": ""[\""sister\""]"", ""kalkoti_forms"": ""[\""bään\""]"", ""observed"": ""[\""Low-without-marked-High\""]"", ""status"": ""Low-interaction"", ""sources"": ""[\""kalkoti\""]"", ""exclusions"": ""[]"", ""adjudication"": ""Palula bheéṇ/Strand bhêʹṇ has late ee after contraction and final-vowel loss. Kalkoti bään belongs to the explicitly low-level set in Liljegren 2013. The old feminine formation and multiple medial-loss stages independently distinguish it from a simple long-root noun; neither parent bhága nor bhagín can be assigned as its accent without argument.""}"
R043	kalkoti-palula-combined.tsv	45	10978		Kalk/Phal	Low-interaction	Salt lhoóṇ/lùun is a Palula L versus Kalkoti Low correspondence. It is compatible with Low obscuring an otherwise expected early High, but that tonal interaction is a hypothesis rather than a recovered stage.		"{""input_class"": ""Palula-L-without-short-final-vowel"", ""family_id"": ""10978"", ""palula"": ""lhoóṇ"", ""glosses"": ""[\""salt\""]"", ""kalkoti_forms"": ""[\""lùun\""]"", ""observed"": ""[\""Low-without-marked-High\""]"", ""status"": ""Low-interaction"", ""sources"": ""[\""hultman2023kalkoti\""]"", ""exclusions"": ""[]"", ""adjudication"": ""Salt lhoóṇ/lùun is a Palula L versus Kalkoti Low correspondence. It is compatible with Low obscuring an otherwise expected early High, but that tonal interaction is a hypothesis rather than a recovered stage.""}"
R044	kundal-primary-paradigms.tsv	18			Kund	non-R-stem; suffix-accented-oblique-plural	Explicit author classification; normalizing font glyphs to Unicode does not change the printed accent position. Matching DB IDs are gloss candidates only and are not new ancestry assignments. The authors explicitly leave this class unexplained. Ox and shoe have long roots, refuting a blanket short-stem explanation. A floating accent describes the paradigm but does not establish its historical source.		"{""item"": ""17"", ""gloss"": ""button"", ""nom_singular"": ""ṭax"", ""nom_plural"": ""ṭax"", ""obl_singular"": ""ṭàx"", ""obl_plural"": ""ṭaxán"", ""input_formation"": ""post-accenting-noun-origin-unexplained"", ""observed_pattern"": ""non-R-stem; suffix-accented-oblique-plural"", ""source"": ""Rehman and Baart, draft 9 January 2004"", ""table"": ""12"", ""page"": ""12"", ""db_gloss_candidate_ids"": ""[]"", ""analysis"": ""Explicit author classification; normalizing font glyphs to Unicode does not change the printed accent position. Matching DB IDs are gloss candidates only and are not new ancestry assignments. The authors explicitly leave this class unexplained. Ox and shoe have long roots, refuting a blanket short-stem explanation. A floating accent describes the paradigm but does not establish its historical source.""}"
R045	kundal-primary-paradigms.tsv	19			Kund	non-R-stem; suffix-accented-oblique-plural	Explicit author classification; normalizing font glyphs to Unicode does not change the printed accent position. Matching DB IDs are gloss candidates only and are not new ancestry assignments. The authors explicitly leave this class unexplained. Ox and shoe have long roots, refuting a blanket short-stem explanation. A floating accent describes the paradigm but does not establish its historical source.		"{""item"": ""18"", ""gloss"": ""face"", ""nom_singular"": ""mukh"", ""nom_plural"": ""mux"", ""obl_singular"": ""mùx"", ""obl_plural"": ""muxɔ́n"", ""input_formation"": ""post-accenting-noun-origin-unexplained"", ""observed_pattern"": ""non-R-stem; suffix-accented-oblique-plural"", ""source"": ""Rehman and Baart, draft 9 January 2004"", ""table"": ""12"", ""page"": ""12"", ""db_gloss_candidate_ids"": ""[]"", ""analysis"": ""Explicit author classification; normalizing font glyphs to Unicode does not change the printed accent position. Matching DB IDs are gloss candidates only and are not new ancestry assignments. The authors explicitly leave this class unexplained. Ox and shoe have long roots, refuting a blanket short-stem explanation. A floating accent describes the paradigm but does not establish its historical source.""}"
R046	kundal-primary-paradigms.tsv	20			Kund	non-R-stem; suffix-accented-oblique-plural	Explicit author classification; normalizing font glyphs to Unicode does not change the printed accent position. Matching DB IDs are gloss candidates only and are not new ancestry assignments. The authors explicitly leave this class unexplained. Ox and shoe have long roots, refuting a blanket short-stem explanation. A floating accent describes the paradigm but does not establish its historical source.		"{""item"": ""19"", ""gloss"": ""plough"", ""nom_singular"": ""hal"", ""nom_plural"": ""hal"", ""obl_singular"": ""hàl"", ""obl_plural"": ""halán"", ""input_formation"": ""post-accenting-noun-origin-unexplained"", ""observed_pattern"": ""non-R-stem; suffix-accented-oblique-plural"", ""source"": ""Rehman and Baart, draft 9 January 2004"", ""table"": ""12"", ""page"": ""12"", ""db_gloss_candidate_ids"": ""[]"", ""analysis"": ""Explicit author classification; normalizing font glyphs to Unicode does not change the printed accent position. Matching DB IDs are gloss candidates only and are not new ancestry assignments. The authors explicitly leave this class unexplained. Ox and shoe have long roots, refuting a blanket short-stem explanation. A floating accent describes the paradigm but does not establish its historical source.""}"
R047	kundal-primary-paradigms.tsv	21			Kund	non-R-LONG-stem; suffix-accented-oblique-plural	Explicit author classification; normalizing font glyphs to Unicode does not change the printed accent position. Matching DB IDs are gloss candidates only and are not new ancestry assignments. The authors explicitly leave this class unexplained. Ox and shoe have long roots, refuting a blanket short-stem explanation. A floating accent describes the paradigm but does not establish its historical source.		"{""item"": ""20"", ""gloss"": ""ox"", ""nom_singular"": ""daan"", ""nom_plural"": ""daan"", ""obl_singular"": ""dàan"", ""obl_plural"": ""daanán"", ""input_formation"": ""post-accenting-noun-origin-unexplained"", ""observed_pattern"": ""non-R-LONG-stem; suffix-accented-oblique-plural"", ""source"": ""Rehman and Baart, draft 9 January 2004"", ""table"": ""12"", ""page"": ""12"", ""db_gloss_candidate_ids"": ""[]"", ""analysis"": ""Explicit author classification; normalizing font glyphs to Unicode does not change the printed accent position. Matching DB IDs are gloss candidates only and are not new ancestry assignments. The authors explicitly leave this class unexplained. Ox and shoe have long roots, refuting a blanket short-stem explanation. A floating accent describes the paradigm but does not establish its historical source.""}"
R048	kundal-primary-paradigms.tsv	22			Kund	non-R-LONG-stem; suffix-accented-oblique-plural	Explicit author classification; normalizing font glyphs to Unicode does not change the printed accent position. Matching DB IDs are gloss candidates only and are not new ancestry assignments. The authors explicitly leave this class unexplained. Ox and shoe have long roots, refuting a blanket short-stem explanation. A floating accent describes the paradigm but does not establish its historical source.		"{""item"": ""21"", ""gloss"": ""shoe"", ""nom_singular"": ""buuṭ"", ""nom_plural"": ""buuṭ"", ""obl_singular"": ""bùuṭ"", ""obl_plural"": ""buuṭɔ́n"", ""input_formation"": ""post-accenting-noun-origin-unexplained"", ""observed_pattern"": ""non-R-LONG-stem; suffix-accented-oblique-plural"", ""source"": ""Rehman and Baart, draft 9 January 2004"", ""table"": ""12"", ""page"": ""12"", ""db_gloss_candidate_ids"": ""[]"", ""analysis"": ""Explicit author classification; normalizing font glyphs to Unicode does not change the printed accent position. Matching DB IDs are gloss candidates only and are not new ancestry assignments. The authors explicitly leave this class unexplained. Ox and shoe have long roots, refuting a blanket short-stem explanation. A floating accent describes the paradigm but does not establish its historical source.""}"
R049	dras-suffix-accent-review.tsv	33	[]	f_22tosiwomum3g	Sh:Dras	stem-accent-only	People ʤʌ́k/ʤʌ́keɦ is stem-accented in vocabulary item170, whereas grammar p42 prints ʤʌ́kéɦ with an additional final acute. This is a real source-internal difference, not an exception to hide.		"{""gloss"": ""people"", ""plural"": ""ʤʌ́keɦ"", ""suffix"": ""-eh/-eɦ"", ""plural_stress_from_right"": ""2"", ""plural_outcome"": ""stress-marked"", ""singulars"": ""[\""ʤʌ́k\""]"", ""singular_stress"": ""[1]"", ""singular_ids"": ""[\""f_fsywtcivnvyjk\""]"", ""plural_id"": ""f_22tosiwomum3g"", ""family_ids"": ""[]"", ""plural_description"": """", ""review_index"": ""31"", ""manual_lexical_note"": ""People ʤʌ́k/ʤʌ́keɦ is stem-accented in vocabulary item170, whereas grammar p42 prints ʤʌ́kéɦ with an additional final acute. This is a real source-internal difference, not an exception to hide."", ""reviewed_family_comparison"": """", ""primary_check"": ""exact printed passage inspected"", ""morphological_assessment"": ""Final eh/eɦ is an independently identified suffix; compare final versus retained stem marks without defining membership by acute placement."", ""final_vowel_accented"": ""0"", ""acute_count"": ""1"", ""suffix_accent_status"": ""stem-accent-only""}"
R050	dras-suffix-accent-review.tsv	122	[]	f_iqv7ddbejfccw	Sh:Dras	stem-accent-only	Knife item556 p95 has kəɽá:r/kəɽá:reh, stem stress. Item655 gives kʌɽá:r/kʌɽa:réh, suffix stress. Both readings are printed; treat the lexeme as conflicting. Research comparison: *karttāra (2860), knife. This links the root/lexeme, not each inflected cell directly to the old headword.		"{""gloss"": ""knife"", ""plural"": ""kəɽá:reh"", ""suffix"": ""-eh/-eɦ"", ""plural_stress_from_right"": ""2"", ""plural_outcome"": ""stress-marked"", ""singulars"": ""[\""kəɽá:r\""]"", ""singular_stress"": ""[1]"", ""singular_ids"": ""[\""f_rcf5jqujoi7ag\""]"", ""plural_id"": ""f_iqv7ddbejfccw"", ""family_ids"": ""[]"", ""plural_description"": """", ""review_index"": ""120"", ""manual_lexical_note"": ""Knife item556 p95 has kəɽá:r/kəɽá:reh, stem stress. Item655 gives kʌɽá:r/kʌɽa:réh, suffix stress. Both readings are printed; treat the lexeme as conflicting. Research comparison: *karttāra (2860), knife. This links the root/lexeme, not each inflected cell directly to the old headword."", ""reviewed_family_comparison"": ""2860"", ""primary_check"": ""exact printed passage inspected"", ""morphological_assessment"": ""Final eh/eɦ is an independently identified suffix; compare final versus retained stem marks without defining membership by acute placement."", ""final_vowel_accented"": ""0"", ""acute_count"": ""1"", ""suffix_accent_status"": ""stem-accent-only""}"
R051	dras-suffix-accent-review.tsv	126	[]	f_5rpl6sb2pkv3a	Sh:Dras	stem-accent-only	Scissors dukʌ́ṭ/dukʌ́ṭeh retains stem stress despite final eh. The vocabulary prints it this way. A possible lexical compound/dual origin does not yet establish why its suffix differs.		"{""gloss"": ""scissors"", ""plural"": ""dukʌ́ʈeh"", ""suffix"": ""-eh/-eɦ"", ""plural_stress_from_right"": ""2"", ""plural_outcome"": ""stress-marked"", ""singulars"": ""[\""dukʌ́ʈ\""]"", ""singular_stress"": ""[1]"", ""singular_ids"": ""[\""f_ybweopslpgxhi\""]"", ""plural_id"": ""f_5rpl6sb2pkv3a"", ""family_ids"": ""[]"", ""plural_description"": """", ""review_index"": ""124"", ""manual_lexical_note"": ""Scissors dukʌ́ṭ/dukʌ́ṭeh retains stem stress despite final eh. The vocabulary prints it this way. A possible lexical compound/dual origin does not yet establish why its suffix differs."", ""reviewed_family_comparison"": """", ""primary_check"": ""exact printed passage inspected"", ""morphological_assessment"": ""Final eh/eɦ is an independently identified suffix; compare final versus retained stem marks without defining membership by acute placement."", ""final_vowel_accented"": ""0"", ""acute_count"": ""1"", ""suffix_accent_status"": ""stem-accent-only""}"
R052	adjective_residuals.jsonl:1			f_luu5elo3b4yo4	see record	morphological-subclass-with-legacy-conflict	Biori ghaḍeerú corresponds to Ashret ghaḍeeró/gaḍheeró. Liljegren2016Table7.4p153 explicitly identifies the comparative relation to gáaḍu big. The final accent is therefore a property of an independently identifiable comparative formation, not the ordinary property-adjective stem. Feminine ghaḍeerí also has ending accent. Older CDIAL gaḍhḗro has stem accent, so the cross-source history is not uniformly resolved.		"{""record_id"": ""f_luu5elo3b4yo4"", ""form"": ""ghaḍeerú"", ""class"": ""age-comparative-eer"", ""input_basis"": ""Comparative meaning and the independently recorded ghaḍeer-/ghaḍheer- stem; Biori u versus Ashret o is a separate dialect distinction."", ""prediction"": ""final gender vowel accented"", ""analysis"": ""Biori ghaḍeerú corresponds to Ashret ghaḍeeró/gaḍheeró. Liljegren2016Table7.4p153 explicitly identifies the comparative relation to gáaḍu big. The final accent is therefore a property of an independently identifiable comparative formation, not the ordinary property-adjective stem. Feminine ghaḍeerí also has ending accent. Older CDIAL gaḍhḗro has stem accent, so the cross-source history is not uniformly resolved."", ""source"": ""Liljegren2016p153; dictionary inflection; Turner4119 gāḍhatara"", ""status"": ""morphological-subclass-with-legacy-conflict""}"
R053	adjective_residuals.jsonl:2			f_hf2c3szfsnhfs	see record	morphological-subclass	Biori lhookeerú and Ashret lhookeeró are explicitly paired with lhoóku small/young in Liljegren2016Table7.4p153. The comparative adds material to the ordinary stem and shifts accent to the gender ending; feminine lhookeerí agrees. An exact Old Indo-Aryan *laghukatara-like intermediary is a reconstruction, not an independently attested input selected for its accent.		"{""record_id"": ""f_hf2c3szfsnhfs"", ""form"": ""lhookeerú"", ""class"": ""age-comparative-eer"", ""input_basis"": ""Comparative younger meaning and the independently attested -eer- formation shared with older."", ""prediction"": ""final gender vowel accented"", ""analysis"": ""Biori lhookeerú and Ashret lhookeeró are explicitly paired with lhoóku small/young in Liljegren2016Table7.4p153. The comparative adds material to the ordinary stem and shifts accent to the gender ending; feminine lhookeerí agrees. An exact Old Indo-Aryan *laghukatara-like intermediary is a reconstruction, not an independently attested input selected for its accent."", ""source"": ""Liljegren2016p153; dictionary inflection"", ""status"": ""morphological-subclass""}"
R054	adjective_residuals.jsonl:3			f_ubdaiww3bug5c	see record	morphological-subclass	The demonstrative stem eeteeṇ- takes accented masculine ú, feminine í and plural á; this is part of the pro-form paradigm, distinct from ordinary descriptive stems. Both the long root vowels remain unaccented. Table4.1p89 and examples throughout the grammar verify the final accent; it is not inferred from orthographic suffix selection.		"{""record_id"": ""f_ubdaiww3bug5c"", ""form"": ""eeteeṇú"", ""class"": ""quality-pro-adjective-eeṇ"", ""input_basis"": ""Demonstrative quality pro-form that-kind-of; independently classified in grammar Table4.1p89."", ""prediction"": ""final gender vowel accented"", ""analysis"": ""The demonstrative stem eeteeṇ- takes accented masculine ú, feminine í and plural á; this is part of the pro-form paradigm, distinct from ordinary descriptive stems. Both the long root vowels remain unaccented. Table4.1p89 and examples throughout the grammar verify the final accent; it is not inferred from orthographic suffix selection."", ""source"": ""Liljegren2016Table4.1p89 and pro-form paradigms"", ""status"": ""morphological-subclass""}"
R055	adjective_residuals.jsonl:4			f_ciq5nophmpy46	see record	morphological-subclass-variant	The a-initial demonstrative alternant shares the accented ending of eeteeṇú. It is a citation variant within a pro-form paradigm, not an independent historical confirmation.		"{""record_id"": ""f_ciq5nophmpy46"", ""form"": ""ateeṇú"", ""class"": ""quality-pro-adjective-eeṇ"", ""input_basis"": ""Demonstrative quality pro-form, a variant of eeteeṇú, with shared feminine forms recorded."", ""prediction"": ""final gender vowel accented"", ""analysis"": ""The a-initial demonstrative alternant shares the accented ending of eeteeṇú. It is a citation variant within a pro-form paradigm, not an independent historical confirmation."", ""source"": ""Liljegren2016examples; dictionary variants"", ""status"": ""morphological-subclass-variant""}"
R056	adjective_residuals.jsonl:5			f_p5k2zpyzwlmzu	see record	morphological-subclass-variant	The Biori h-initial variant has the same ending accent as the demonstrative paradigm; grammar example5p95 explicitly segments hateeṇ-ú. Aspiration differences do not account for the suffix accent.		"{""record_id"": ""f_p5k2zpyzwlmzu"", ""form"": ""hateeṇú"", ""class"": ""quality-pro-adjective-eeṇ"", ""input_basis"": ""Biori demonstrative quality pro-form; dictionary explicitly restricts this variant to Biori."", ""prediction"": ""final gender vowel accented"", ""analysis"": ""The Biori h-initial variant has the same ending accent as the demonstrative paradigm; grammar example5p95 explicitly segments hateeṇ-ú. Aspiration differences do not account for the suffix accent."", ""source"": ""Liljegren2016p95example5; dictionary"", ""status"": ""morphological-subclass-variant""}"
R057	adjective_residuals.jsonl:6			f_cx3s74iwxjmeo	see record	morphological-subclass	The k-initial interrogative stem takes masculine ú, feminine í and plural á just like its demonstrative counterpart. It forms a small, independently recognizable grammatical class with deterministic ending accent in the attested paradigm.		"{""record_id"": ""f_cx3s74iwxjmeo"", ""form"": ""kateeṇú"", ""class"": ""quality-pro-adjective-eeṇ"", ""input_basis"": ""Indefinite/interrogative quality pro-form what-kind-of, independently paired with eeteeṇú in grammar Table4.1."", ""prediction"": ""final gender vowel accented"", ""analysis"": ""The k-initial interrogative stem takes masculine ú, feminine í and plural á just like its demonstrative counterpart. It forms a small, independently recognizable grammatical class with deterministic ending accent in the attested paradigm."", ""source"": ""Liljegren2016Table4.1p89 and interrogative examples"", ""status"": ""morphological-subclass""}"
R058	adjective_residuals.jsonl:7			f_2x5egyolhpa7k	see record	compound-reaccentuation-hypothesis	Compare lameeṭi tail and čhinílu cut (the latter explicitly supplied in the čhína cut paradigm5046). The tail-less adjective is naturally an exocentric result compound, one whose tail is cut. Its final ú differs even from the free participle čhinílu, so simply invoking the second constituent’s lexical accent is insufficient. A compound accent rule shifting to the agreement ending is plausible, but only this example has been established here.		"{""record_id"": ""f_2x5egyolhpa7k"", ""form"": ""lameeṭičhinilú"", ""class"": ""exocentric-result-compound"", ""input_basis"": ""Tail plus cut/result form; both lexical components are independently attested."", ""prediction"": ""ordinary simple-adjective prediction fails; compound reaccentuation is a candidate"", ""analysis"": ""Compare lameeṭi tail and čhinílu cut (the latter explicitly supplied in the čhína cut paradigm5046). The tail-less adjective is naturally an exocentric result compound, one whose tail is cut. Its final ú differs even from the free participle čhinílu, so simply invoking the second constituent’s lexical accent is insufficient. A compound accent rule shifting to the agreement ending is plausible, but only this example has been established here."", ""source"": ""Liljegren dictionary entries tail, čhína and lameeṭičhinilú"", ""status"": ""compound-reaccentuation-hypothesis""}"
R059	adjective_residuals.jsonl:8			f_vtpgawfvin4jk	see record	unresolved	Both masculine kirpuṭú and feminine kirpuṭí accent the ending. A compound or regional loan could preserve a distinct accent class, but the apparent kir-/puṭ- segmentation has not been independently supported. Neither the snow expression kir díi nor unrelated cut verbs licenses an etymology from resemblance alone. Keep this as a genuine unresolved lexical exception.		"{""record_id"": ""f_vtpgawfvin4jk"", ""form"": ""kirpuṭú"", ""class"": ""lexically-unresolved-adjective"", ""input_basis"": ""Source adjective tag and regular feminine kirpuṭí; no independently supported derivation recovered."", ""prediction"": ""ordinary penultimate prediction fails"", ""analysis"": ""Both masculine kirpuṭú and feminine kirpuṭí accent the ending. A compound or regional loan could preserve a distinct accent class, but the apparent kir-/puṭ- segmentation has not been independently supported. Neither the snow expression kir díi nor unrelated cut verbs licenses an etymology from resemblance alone. Keep this as a genuine unresolved lexical exception."", ""source"": ""Liljegren dictionary inflection"", ""status"": ""unresolved""}"
R060	adjective_residuals.jsonl:9			f_js6xgmvlfyzza	see record	independent-part-of-speech-explanation	Liljegren2016§8.1 describes muṣṭú in front/before. The separately formed adjective muṣṭúku of the past adds -uk- and has penultimate accent. Thus this apparent adjective counterexample is an attributively usable adverb, with no evidence that final u here is the ordinary agreement ending. Its etymology should be investigated separately from the productive adjective suffix.		"{""record_id"": ""f_js6xgmvlfyzza"", ""form"": ""muṣṭú"", ""class"": ""spatial-temporal-adverb-used-attributively"", ""input_basis"": ""The grammar explicitly treats muṣṭú as an anterior spatial/temporal adverb; the dictionary supplies no gender inflection for this citation."", ""prediction"": ""outside the inflecting property-adjective class"", ""analysis"": ""Liljegren2016§8.1 describes muṣṭú in front/before. The separately formed adjective muṣṭúku of the past adds -uk- and has penultimate accent. Thus this apparent adjective counterexample is an attributively usable adverb, with no evidence that final u here is the ordinary agreement ending. Its etymology should be investigated separately from the productive adjective suffix."", ""source"": ""Liljegren2016§8.1; temporal-adjective derivation table"", ""status"": ""independent-part-of-speech-explanation""}"
R061	property_residuals.jsonl:1			"[""f_qphomzrgd6rqu"", ""f_ywryunyo3efre"", ""f_3jpsht5sirqqg""]"	see record	Savi-final-location-correspondence-with-source-limits	Savi ugəró heavy, parãṛó white and lohĩló red have final written accent in the older comparative dictionary. They oppose the predominantly prefinal property-stem accent of Gilgit/Palula. These marks locate prominence but do not establish a surviving mora contrast. The newer source does not systematically transcribe stress, and the one-speaker Sawi pitch study suggests loss of a Palula-like lexical contrast, so historical versus source/dialect differences remain open.		"{""record_ids"": [""f_qphomzrgd6rqu"", ""f_ywryunyo3efre"", ""f_3jpsht5sirqqg""], ""analysis"": ""Savi ugəró heavy, parãṛó white and lohĩló red have final written accent in the older comparative dictionary. They oppose the predominantly prefinal property-stem accent of Gilgit/Palula. These marks locate prominence but do not establish a surviving mora contrast. The newer source does not systematically transcribe stress, and the one-speaker Sawi pitch study suggests loss of a Palula-like lexical contrast, so historical versus source/dialect differences remain open."", ""status"": ""Savi-final-location-correspondence-with-source-limits""}"
R062	property_residuals.jsonl:2			"[""f_6aixg5kbn3biw"", ""f_rvn66scriluyy""]"	see record	older-Palula-source-conflict	Older Palula úguro/úṅguro heavy is initially accented across a three-nucleus stem, whereas current ungúru is prefinal. The prefix/cluster and quantity histories must be checked against the older primary source. This is retained as a genuine source/historical discrepancy, not made regular by deleting initial u.		"{""record_ids"": [""f_6aixg5kbn3biw"", ""f_rvn66scriluyy""], ""analysis"": ""Older Palula úguro/úṅguro heavy is initially accented across a three-nucleus stem, whereas current ungúru is prefinal. The prefix/cluster and quantity histories must be checked against the older primary source. This is retained as a genuine source/historical discrepancy, not made regular by deleting initial u."", ""status"": ""older-Palula-source-conflict""}"
R063	property_residuals.jsonl:3			"[""f_susshhtpls6j2""]"	see record	extra-extension-candidate	Older Palula khā́čulo dirty/bad has an extra l-bearing extension relative to kháaču. Retaining the accent of the shorter stem before the extra suffix gives an independently plausible antepenultimate position. The precise derivational chronology is still unverified; no universal penultimate rule applies to all later extensions.		"{""record_ids"": [""f_susshhtpls6j2""], ""analysis"": ""Older Palula khā́čulo dirty/bad has an extra l-bearing extension relative to kháaču. Retaining the accent of the shorter stem before the extra suffix gives an independently plausible antepenultimate position. The precise derivational chronology is still unverified; no universal penultimate rule applies to all later extensions."", ""status"": ""extra-extension-candidate""}"
R064	property_residuals.jsonl:4			"[""f_ynktlk7i53e5a""]"	see record	directional-extension	Kohistani khábooto left(direction) adds material beyond the ordinary khábo adjective. Preserved root stress before a directional extension gives antepenultimate prominence. Its grammatical function is explicitly directional, so it should not be treated as the same adjective citation cell.		"{""record_ids"": [""f_ynktlk7i53e5a""], ""analysis"": ""Kohistani khábooto left(direction) adds material beyond the ordinary khábo adjective. Preserved root stress before a directional extension gives antepenultimate prominence. Its grammatical function is explicitly directional, so it should not be treated as the same adjective citation cell."", ""status"": ""directional-extension""}"
R065	property_residuals.jsonl:5			"[""f_gurgz4sml7hha"", ""f_gpq6t3pjkuv26"", ""f_7ukfoeky272ys""]"	see record	survey-stress-residual	Bagrot left kʰɑ̱ˈbo̱ and Hunza/Nagar short kʰu̱ˈṭo/kʰoˈṭo̱ have final survey stress despite the usual root-stressed forms. These are actual source-marked residuals. Elicitation intonation, speaker/dialect differences and transcription error are alternatives, but none is established without the recordings; do not overwrite them with the dictionary majority.		"{""record_ids"": [""f_gurgz4sml7hha"", ""f_gpq6t3pjkuv26"", ""f_7ukfoeky272ys""], ""analysis"": ""Bagrot left kʰɑ̱ˈbo̱ and Hunza/Nagar short kʰu̱ˈṭo/kʰoˈṭo̱ have final survey stress despite the usual root-stressed forms. These are actual source-marked residuals. Elicitation intonation, speaker/dialect differences and transcription error are alternatives, but none is established without the recordings; do not overwrite them with the dictionary majority."", ""status"": ""survey-stress-residual""}"
R066	property_residuals.jsonl:6			"[""f_lfh7nphimm4wu"", ""f_lyptgqadsulya""]"	see record	survey-vowel-glide-uncertainty	Nagar nɑˈu new and Hunza luˈʷo̱ red contain vowel/glide sequences with marked prominence. Exact syllabification and the role of the glide require source phonetic review before treating the marks as a final gender-suffix accent. They remain in the raw outcome inventory with a conservative sequence caveat.		"{""record_ids"": [""f_lfh7nphimm4wu"", ""f_lyptgqadsulya""], ""analysis"": ""Nagar nɑˈu new and Hunza luˈʷo̱ red contain vowel/glide sequences with marked prominence. Exact syllabification and the role of the glide require source phonetic review before treating the marks as a final gender-suffix accent. They remain in the raw outcome inventory with a conservative sequence caveat."", ""status"": ""survey-vowel-glide-uncertainty""}"
R067	property_residuals.jsonl:7			"[""f_umtjvxfelkcqu"", ""f_h7wkim2nmpuka""]"	see record	quantifier-cell-difference	Palula buṭhʹe and Haramosh buˈṭe all have a final e-bearing quantifier form, unlike Gilgit búṭo. Determine number/case and the quantifier paradigm before comparing them as one masculine adjective citation. The shared final e is an independent grammatical clue, not an accent correction.		"{""record_ids"": [""f_umtjvxfelkcqu"", ""f_h7wkim2nmpuka""], ""analysis"": ""Palula buṭhʹe and Haramosh buˈṭe all have a final e-bearing quantifier form, unlike Gilgit búṭo. Determine number/case and the quantifier paradigm before comparing them as one masculine adjective citation. The shared final e is an independent grammatical clue, not an accent correction."", ""status"": ""quantifier-cell-difference""}"
R068	property_residuals.jsonl:8			"[""f_pdqsdrjptvbu2""]"	see record	extra-syllable-unresolved	Ushojo black is really written 'kinono in the checked raw source, with first stress over three vowel nuclei. Compared with Shina kíno, an extra -no or repeated stem ending could preserve the earlier stem accent and account for the apparent antepenultimate result. Its morphological function is unverified; retain the original form and the unresolved extra syllable.		"{""record_ids"": [""f_pdqsdrjptvbu2""], ""analysis"": ""Ushojo black is really written 'kinono in the checked raw source, with first stress over three vowel nuclei. Compared with Shina kíno, an extra -no or repeated stem ending could preserve the earlier stem accent and account for the apparent antepenultimate result. Its morphological function is unverified; retain the original form and the unresolved extra syllable."", ""status"": ""extra-syllable-unresolved""}"
